"Timestamp","Counter","Value","PSComputerName","RunspaceId","PSShowComputerName"
"9/22/2026 10:33:08 PM","\\desktop-f6ep8gc\processor(_total)\% processor time","100","localhost","8603c4d9-c985-4326-8c1d-e8a50e328763","False"
"9/22/2026 10:33:08 PM","\\desktop-f6ep8gc\memory\available mbytes","50461","localhost","8603c4d9-c985-4326-8c1d-e8a50e328763","False"
"9/22/2026 10:33:08 PM","\\desktop-f6ep8gc\memory\pages/sec","1.832170439487304","localhost","8603c4d9-c985-4326-8c1d-e8a50e328763","False"
"9/22/2026 10:33:09 PM","\\desktop-f6ep8gc\processor(_total)\% processor time","100","localhost","8603c4d9-c985-4326-8c1d-e8a50e328763","False"
"9/22/2026 10:33:09 PM","\\desktop-f6ep8gc\memory\available mbytes","50158","localhost","8603c4d9-c985-4326-8c1d-e8a50e328763","False"
"9/22/2026 10:33:09 PM","\\desktop-f6ep8gc\memory\pages/sec","17.307507071281567","localhost","8603c4d9-c985-4326-8c1d-e8a50e328763","False"
"9/22/2026 10:33:11 PM","\\desktop-f6ep8gc\processor(_total)\% processor time","100","localhost","8603c4d9-c985-4326-8c1d-e8a50e328763","False"
"9/22/2026 10:33:11 PM","\\desktop-f6ep8gc\memory\available mbytes","49974","localhost","8603c4d9-c985-4326-8c1d-e8a50e328763","False"
"9/22/2026 10:33:11 PM","\\desktop-f6ep8gc\memory\pages/sec","12.975837877657128","localhost","8603c4d9-c985-4326-8c1d-e8a50e328763","False"
"9/22/2026 10:33:12 PM","\\desktop-f6ep8gc\processor(_total)\% processor time","100","localhost","8603c4d9-c985-4326-8c1d-e8a50e328763","False"
"9/22/2026 10:33:12 PM","\\desktop-f6ep8gc\memory\available mbytes","49868","localhost","8603c4d9-c985-4326-8c1d-e8a50e328763","False"
"9/22/2026 10:33:12 PM","\\desktop-f6ep8gc\memory\pages/sec","0.7558998360150896","localhost","8603c4d9-c985-4326-8c1d-e8a50e328763","False"
"9/22/2026 10:33:13 PM","\\desktop-f6ep8gc\processor(_total)\% processor time","100","localhost","8603c4d9-c985-4326-8c1d-e8a50e328763","False"
"9/22/2026 10:33:13 PM","\\desktop-f6ep8gc\memory\available mbytes","49732","localhost","8603c4d9-c985-4326-8c1d-e8a50e328763","False"
"9/22/2026 10:33:13 PM","\\desktop-f6ep8gc\memory\pages/sec","0","localhost","8603c4d9-c985-4326-8c1d-e8a50e328763","False"
"9/22/2026 10:33:15 PM","\\desktop-f6ep8gc\processor(_total)\% processor time","100","localhost","8603c4d9-c985-4326-8c1d-e8a50e328763","False"
"9/22/2026 10:33:15 PM","\\desktop-f6ep8gc\memory\available mbytes","49739","localhost","8603c4d9-c985-4326-8c1d-e8a50e328763","False"
"9/22/2026 10:33:15 PM","\\desktop-f6ep8gc\memory\pages/sec","4.457880993077691","localhost","8603c4d9-c985-4326-8c1d-e8a50e328763","False"
"9/22/2026 10:33:17 PM","\\desktop-f6ep8gc\processor(_total)\% processor time","100","localhost","8603c4d9-c985-4326-8c1d-e8a50e328763","False"
"9/22/2026 10:33:17 PM","\\desktop-f6ep8gc\memory\available mbytes","49794","localhost","8603c4d9-c985-4326-8c1d-e8a50e328763","False"
"9/22/2026 10:33:17 PM","\\desktop-f6ep8gc\memory\pages/sec","6.883270019486078","localhost","8603c4d9-c985-4326-8c1d-e8a50e328763","False"
"9/22/2026 10:33:19 PM","\\desktop-f6ep8gc\processor(_total)\% processor time","100","localhost","8603c4d9-c985-4326-8c1d-e8a50e328763","False"
"9/22/2026 10:33:19 PM","\\desktop-f6ep8gc\memory\available mbytes","49805","localhost","8603c4d9-c985-4326-8c1d-e8a50e328763","False"
"9/22/2026 10:33:19 PM","\\desktop-f6ep8gc\memory\pages/sec","8.028964220794375","localhost","8603c4d9-c985-4326-8c1d-e8a50e328763","False"
"9/22/2026 10:33:20 PM","\\desktop-f6ep8gc\processor(_total)\% processor time","100","localhost","8603c4d9-c985-4326-8c1d-e8a50e328763","False"
"9/22/2026 10:33:20 PM","\\desktop-f6ep8gc\memory\available mbytes","49818","localhost","8603c4d9-c985-4326-8c1d-e8a50e328763","False"
"9/22/2026 10:33:20 PM","\\desktop-f6ep8gc\memory\pages/sec","10.196491016659675","localhost","8603c4d9-c985-4326-8c1d-e8a50e328763","False"
"9/22/2026 10:33:21 PM","\\desktop-f6ep8gc\processor(_total)\% processor time","92.73926300801112","localhost","8603c4d9-c985-4326-8c1d-e8a50e328763","False"
"9/22/2026 10:33:21 PM","\\desktop-f6ep8gc\memory\available mbytes","49853","localhost","8603c4d9-c985-4326-8c1d-e8a50e328763","False"
"9/22/2026 10:33:21 PM","\\desktop-f6ep8gc\memory\pages/sec","4.6488401004484174","localhost","8603c4d9-c985-4326-8c1d-e8a50e328763","False"
"9/22/2026 10:33:22 PM","\\desktop-f6ep8gc\processor(_total)\% processor time","80.18217950295563","localhost","8603c4d9-c985-4326-8c1d-e8a50e328763","False"
"9/22/2026 10:33:22 PM","\\desktop-f6ep8gc\memory\available mbytes","49859","localhost","8603c4d9-c985-4326-8c1d-e8a50e328763","False"
"9/22/2026 10:33:22 PM","\\desktop-f6ep8gc\memory\pages/sec","51.71801270751355","localhost","8603c4d9-c985-4326-8c1d-e8a50e328763","False"
"9/22/2026 10:33:23 PM","\\desktop-f6ep8gc\processor(_total)\% processor time","80.93038524534633","localhost","8603c4d9-c985-4326-8c1d-e8a50e328763","False"
"9/22/2026 10:33:23 PM","\\desktop-f6ep8gc\memory\available mbytes","49866","localhost","8603c4d9-c985-4326-8c1d-e8a50e328763","False"
"9/22/2026 10:33:23 PM","\\desktop-f6ep8gc\memory\pages/sec","5.978988638127891","localhost","8603c4d9-c985-4326-8c1d-e8a50e328763","False"
"9/22/2026 10:33:24 PM","\\desktop-f6ep8gc\processor(_total)\% processor time","84.11395137837258","localhost","8603c4d9-c985-4326-8c1d-e8a50e328763","False"
"9/22/2026 10:33:24 PM","\\desktop-f6ep8gc\memory\available mbytes","49868","localhost","8603c4d9-c985-4326-8c1d-e8a50e328763","False"
"9/22/2026 10:33:24 PM","\\desktop-f6ep8gc\memory\pages/sec","0.9912889492297486","localhost","8603c4d9-c985-4326-8c1d-e8a50e328763","False"
"9/22/2026 10:33:25 PM","\\desktop-f6ep8gc\processor(_total)\% processor time","92.23272341446396","localhost","8603c4d9-c985-4326-8c1d-e8a50e328763","False"
"9/22/2026 10:33:25 PM","\\desktop-f6ep8gc\memory\available mbytes","49867","localhost","8603c4d9-c985-4326-8c1d-e8a50e328763","False"
"9/22/2026 10:33:25 PM","\\desktop-f6ep8gc\memory\pages/sec","0","localhost","8603c4d9-c985-4326-8c1d-e8a50e328763","False"
"9/22/2026 10:33:26 PM","\\desktop-f6ep8gc\processor(_total)\% processor time","92.08345296108233","localhost","8603c4d9-c985-4326-8c1d-e8a50e328763","False"
"9/22/2026 10:33:26 PM","\\desktop-f6ep8gc\memory\available mbytes","49865","localhost","8603c4d9-c985-4326-8c1d-e8a50e328763","False"
"9/22/2026 10:33:26 PM","\\desktop-f6ep8gc\memory\pages/sec","15.446972137620552","localhost","8603c4d9-c985-4326-8c1d-e8a50e328763","False"
"9/22/2026 10:33:27 PM","\\desktop-f6ep8gc\processor(_total)\% processor time","92.2901421090875","localhost","8603c4d9-c985-4326-8c1d-e8a50e328763","False"
"9/22/2026 10:33:27 PM","\\desktop-f6ep8gc\memory\available mbytes","49864","localhost","8603c4d9-c985-4326-8c1d-e8a50e328763","False"
"9/22/2026 10:33:27 PM","\\desktop-f6ep8gc\memory\pages/sec","14.795740365531724","localhost","8603c4d9-c985-4326-8c1d-e8a50e328763","False"
"9/22/2026 10:33:28 PM","\\desktop-f6ep8gc\processor(_total)\% processor time","92.30524968615268","localhost","8603c4d9-c985-4326-8c1d-e8a50e328763","False"
"9/22/2026 10:33:28 PM","\\desktop-f6ep8gc\memory\available mbytes","49864","localhost","8603c4d9-c985-4326-8c1d-e8a50e328763","False"
"9/22/2026 10:33:28 PM","\\desktop-f6ep8gc\memory\pages/sec","0","localhost","8603c4d9-c985-4326-8c1d-e8a50e328763","False"
"9/22/2026 10:33:29 PM","\\desktop-f6ep8gc\processor(_total)\% processor time","98.51053899709181","localhost","8603c4d9-c985-4326-8c1d-e8a50e328763","False"
"9/22/2026 10:33:29 PM","\\desktop-f6ep8gc\memory\available mbytes","49835","localhost","8603c4d9-c985-4326-8c1d-e8a50e328763","False"
"9/22/2026 10:33:29 PM","\\desktop-f6ep8gc\memory\pages/sec","11.445166920606308","localhost","8603c4d9-c985-4326-8c1d-e8a50e328763","False"
"9/22/2026 10:33:30 PM","\\desktop-f6ep8gc\processor(_total)\% processor time","100","localhost","8603c4d9-c985-4326-8c1d-e8a50e328763","False"
"9/22/2026 10:33:30 PM","\\desktop-f6ep8gc\memory\available mbytes","49822","localhost","8603c4d9-c985-4326-8c1d-e8a50e328763","False"
"9/22/2026 10:33:30 PM","\\desktop-f6ep8gc\memory\pages/sec","10.61218598949818","localhost","8603c4d9-c985-4326-8c1d-e8a50e328763","False"
"9/22/2026 10:33:31 PM","\\desktop-f6ep8gc\processor(_total)\% processor time","100","localhost","8603c4d9-c985-4326-8c1d-e8a50e328763","False"
"9/22/2026 10:33:31 PM","\\desktop-f6ep8gc\memory\available mbytes","49827","localhost","8603c4d9-c985-4326-8c1d-e8a50e328763","False"
"9/22/2026 10:33:31 PM","\\desktop-f6ep8gc\memory\pages/sec","25.920822830599935","localhost","8603c4d9-c985-4326-8c1d-e8a50e328763","False"
"9/22/2026 10:33:32 PM","\\desktop-f6ep8gc\processor(_total)\% processor time","93.18609846827854","localhost","8603c4d9-c985-4326-8c1d-e8a50e328763","False"
"9/22/2026 10:33:32 PM","\\desktop-f6ep8gc\memory\available mbytes","49823","localhost","8603c4d9-c985-4326-8c1d-e8a50e328763","False"
"9/22/2026 10:33:32 PM","\\desktop-f6ep8gc\memory\pages/sec","12.600568285629683","localhost","8603c4d9-c985-4326-8c1d-e8a50e328763","False"
"9/22/2026 10:33:33 PM","\\desktop-f6ep8gc\processor(_total)\% processor time","92.33539318721674","localhost","8603c4d9-c985-4326-8c1d-e8a50e328763","False"
"9/22/2026 10:33:33 PM","\\desktop-f6ep8gc\memory\available mbytes","49826","localhost","8603c4d9-c985-4326-8c1d-e8a50e328763","False"
"9/22/2026 10:33:33 PM","\\desktop-f6ep8gc\memory\pages/sec","0.9812015519468708","localhost","8603c4d9-c985-4326-8c1d-e8a50e328763","False"
"9/22/2026 10:33:34 PM","\\desktop-f6ep8gc\processor(_total)\% processor time","100","localhost","8603c4d9-c985-4326-8c1d-e8a50e328763","False"
"9/22/2026 10:33:34 PM","\\desktop-f6ep8gc\memory\available mbytes","50097","localhost","8603c4d9-c985-4326-8c1d-e8a50e328763","False"
"9/22/2026 10:33:34 PM","\\desktop-f6ep8gc\memory\pages/sec","44.1660305122494","localhost","8603c4d9-c985-4326-8c1d-e8a50e328763","False"
"9/22/2026 10:33:35 PM","\\desktop-f6ep8gc\processor(_total)\% processor time","98.34419108742914","localhost","8603c4d9-c985-4326-8c1d-e8a50e328763","False"
"9/22/2026 10:33:35 PM","\\desktop-f6ep8gc\memory\available mbytes","50570","localhost","8603c4d9-c985-4326-8c1d-e8a50e328763","False"
"9/22/2026 10:33:35 PM","\\desktop-f6ep8gc\memory\pages/sec","5.087885160326469","localhost","8603c4d9-c985-4326-8c1d-e8a50e328763","False"
"9/22/2026 10:33:37 PM","\\desktop-f6ep8gc\processor(_total)\% processor time","97.35151139071661","localhost","8603c4d9-c985-4326-8c1d-e8a50e328763","False"
"9/22/2026 10:33:37 PM","\\desktop-f6ep8gc\memory\available mbytes","50598","localhost","8603c4d9-c985-4326-8c1d-e8a50e328763","False"
"9/22/2026 10:33:37 PM","\\desktop-f6ep8gc\memory\pages/sec","8.285223800465298","localhost","8603c4d9-c985-4326-8c1d-e8a50e328763","False"
"9/22/2026 10:33:38 PM","\\desktop-f6ep8gc\processor(_total)\% processor time","69.82237109637886","localhost","8603c4d9-c985-4326-8c1d-e8a50e328763","False"
"9/22/2026 10:33:38 PM","\\desktop-f6ep8gc\memory\available mbytes","50740","localhost","8603c4d9-c985-4326-8c1d-e8a50e328763","False"
"9/22/2026 10:33:38 PM","\\desktop-f6ep8gc\memory\pages/sec","0.9659585578663754","localhost","8603c4d9-c985-4326-8c1d-e8a50e328763","False"
"9/22/2026 10:33:39 PM","\\desktop-f6ep8gc\processor(_total)\% processor time","46.021076654290894","localhost","8603c4d9-c985-4326-8c1d-e8a50e328763","False"
"9/22/2026 10:33:39 PM","\\desktop-f6ep8gc\memory\available mbytes","50738","localhost","8603c4d9-c985-4326-8c1d-e8a50e328763","False"
"9/22/2026 10:33:39 PM","\\desktop-f6ep8gc\memory\pages/sec","1.9879660463351148","localhost","8603c4d9-c985-4326-8c1d-e8a50e328763","False"
"9/22/2026 10:33:40 PM","\\desktop-f6ep8gc\processor(_total)\% processor time","41.38975265291538","localhost","8603c4d9-c985-4326-8c1d-e8a50e328763","False"
"9/22/2026 10:33:40 PM","\\desktop-f6ep8gc\memory\available mbytes","50752","localhost","8603c4d9-c985-4326-8c1d-e8a50e328763","False"
"9/22/2026 10:33:40 PM","\\desktop-f6ep8gc\memory\pages/sec","0.9937559333440196","localhost","8603c4d9-c985-4326-8c1d-e8a50e328763","False"
"9/22/2026 10:33:41 PM","\\desktop-f6ep8gc\processor(_total)\% processor time","47.57240483037554","localhost","8603c4d9-c985-4326-8c1d-e8a50e328763","False"
"9/22/2026 10:33:41 PM","\\desktop-f6ep8gc\memory\available mbytes","50758","localhost","8603c4d9-c985-4326-8c1d-e8a50e328763","False"
"9/22/2026 10:33:41 PM","\\desktop-f6ep8gc\memory\pages/sec","32.81073782102697","localhost","8603c4d9-c985-4326-8c1d-e8a50e328763","False"
"9/22/2026 10:33:42 PM","\\desktop-f6ep8gc\processor(_total)\% processor time","49.90574265473181","localhost","8603c4d9-c985-4326-8c1d-e8a50e328763","False"
"9/22/2026 10:33:42 PM","\\desktop-f6ep8gc\memory\available mbytes","50780","localhost","8603c4d9-c985-4326-8c1d-e8a50e328763","False"
"9/22/2026 10:33:42 PM","\\desktop-f6ep8gc\memory\pages/sec","0","localhost","8603c4d9-c985-4326-8c1d-e8a50e328763","False"
