"tick","x","y","z","observedForwardVelocity","commandForwardVelocity","throttle","steering","contacts","hp"
"961","102.62538","1.1447242","-35.670033","-5.7373905E-05","-5.7548135E-05","0.14226286","0","2","997.43463"
"962","102.62538","1.1447245","-35.670033","-5.737576E-05","-5.7552807E-05","0.16397657","0","2","997.43463"
"963","102.62538","1.144725","-35.670033","-5.7380432E-05","-5.7561974E-05","0.18514058","0","2","997.43463"
"964","102.62538","1.1447259","-35.670033","-5.7389603E-05","-5.7560817E-05","0.20576882","0","2","997.43463"
"965","102.62538","1.1447268","-35.670033","-5.7388443E-05","-5.7546196E-05","0.22587487","0","2","997.43463"
"966","102.62538","1.1447269","-35.670033","-5.7373825E-05","-5.752263E-05","0.24547192","0","2","997.43463"
"967","102.62538","1.1447258","-35.670033","-5.7350262E-05","-5.7501E-05","0.2645729","0","2","997.43463"
"968","102.62538","1.1447233","-35.670033","-5.7328612E-05","-5.7466415E-05","0.2831903","0","2","997.43463"
"969","102.62538","1.144719","-35.670033","-5.729403E-05","-5.7425994E-05","0.3013364","0","2","997.43463"
"970","102.62538","1.1447127","-35.670033","-5.7253623E-05","-5.7387046E-05","0.31902316","0","2","997.43463"
"971","102.62538","1.1447043","-35.670033","-5.7214675E-05","-5.7353096E-05","0.33626217","0","2","997.43463"
"972","102.62538","1.144694","-35.670033","-5.718071E-05","-5.7312594E-05","0.35306478","0","2","997.43463"
"973","102.62538","1.1446816","-35.670033","-5.7140216E-05","-5.7280336E-05","0.36944202","0","2","997.43463"
"974","102.62538","1.1446673","-35.670033","-5.7107944E-05","-5.724119E-05","0.38540465","0","2","997.43463"
"975","102.62538","1.144651","-35.670033","-5.706881E-05","-5.720627E-05","0.4009632","0","2","997.43463"
"976","102.62538","1.1446332","-35.670033","-5.7033896E-05","-5.7179102E-05","0.41612786","0","2","997.43463"
"977","102.62538","1.1446136","-35.670033","-5.700672E-05","-5.7148354E-05","0.43090865","0","2","997.43463"
"978","102.62538","1.1445926","-35.670033","-5.6975983E-05","-5.7128935E-05","0.44531527","0","2","997.43463"
"979","102.62538","1.1445704","-35.670033","-5.6956545E-05","-5.7102076E-05","0.45935717","0","2","997.43463"
"980","102.62538","1.144547","-35.670033","-5.6929704E-05","-5.7086403E-05","0.4730436","0","2","997.43463"
"981","102.62538","1.1445225","-35.670033","-5.6914025E-05","-5.707436E-05","0.48638356","0","2","997.43463"
"982","102.62538","1.1444973","-35.670033","-5.6901972E-05","-5.7054815E-05","0.4993858","0","2","997.43463"
"983","102.62538","1.1444714","-35.670033","-5.6882443E-05","-5.704253E-05","0.5120589","0","2","997.43463"
"984","102.62538","1.144445","-35.670033","-5.6870165E-05","-5.7037658E-05","0.5244112","0","2","997.43463"
"985","102.62538","1.1444181","-35.670033","-5.6865283E-05","-5.7040008E-05","0.5364508","0","2","997.43463"
"986","102.62538","1.144391","-35.670033","-5.686761E-05","-5.7027373E-05","0.5481856","0","2","997.43463"
"987","102.62538","1.1443636","-35.670033","-5.6855006E-05","-5.702946E-05","0.5596233","0","2","997.43463"
"988","102.62538","1.1443362","-35.670033","-5.6857083E-05","-5.7031342E-05","0.57077146","0","2","997.43463"
"989","102.62538","1.1443089","-35.670033","-5.6858964E-05","-5.7033092E-05","0.58163744","0","2","997.43463"
"990","102.62538","1.1442817","-35.670033","-5.6860714E-05","-5.7042165E-05","0.59222835","0","2","997.43463"
"991","102.62538","1.1442548","-35.670033","-5.6869772E-05","-5.705107E-05","0.60255116","0","2","997.43463"
"992","102.62538","1.1442282","-35.670033","-5.687867E-05","-5.7044927E-05","0.6126126","0","2","997.43463"
"993","102.62538","1.144202","-35.670033","-5.6872566E-05","-5.7053538E-05","0.62241936","0","2","997.43463"
"994","102.62538","1.1441761","-35.670033","-5.6881174E-05","-5.70695E-05","0.63197786","0","2","997.43463"
"995","102.62538","1.1441507","-35.670033","-5.689712E-05","-5.7077898E-05","0.64129436","0","2","997.43463"
"996","102.62538","1.1441259","-35.670033","-5.690552E-05","-5.7093628E-05","0.650375","0","2","997.43463"
"997","102.62538","1.1441017","-35.670033","-5.6921235E-05","-5.7109228E-05","0.6592258","0","2","997.43463"
"998","102.62538","1.1440781","-35.670033","-5.6936824E-05","-5.7109868E-05","0.6678526","0","2","997.43463"
"999","102.62538","1.1440552","-35.670033","-5.69375E-05","-5.712525E-05","0.67626095","0","2","997.43463"
"1000","102.62538","1.144033","-35.670033","-5.6952875E-05","-5.7140576E-05","0.6844564","0","2","997.43463"
"1001","102.62538","1.1440114","-35.670033","-5.6968194E-05","-5.7155867E-05","0.69244444","0","2","997.43463"
"1002","102.62538","1.1439905","-35.670033","-5.698348E-05","-5.715611E-05","0.70023024","0","2","997.43463"
"1003","102.62538","1.1439704","-35.670033","-5.6983765E-05","-5.7171277E-05","0.7078189","0","2","997.43463"
"1004","102.62538","1.143951","-35.670033","-5.6998928E-05","-5.7201214E-05","0.7152155","0","2","997.43463"
"1005","102.62538","1.1439325","-35.670033","-5.7028818E-05","-5.7201305E-05","0.72242486","0","2","997.43463"
"1006","102.62538","1.1439147","-35.670033","-5.7028952E-05","-5.7223708E-05","0.7294517","0","2","997.43463"
"1007","102.62538","1.1438977","-35.670033","-5.7051333E-05","-5.7238572E-05","0.73630065","0","2","997.43463"
"1008","102.62538","1.1438813","-35.670033","-5.7066194E-05","-5.7238536E-05","0.74297625","0","2","997.43463"
"1009","102.62538","1.1438658","-35.670033","-5.70662E-05","-5.7253383E-05","0.7494828","0","2","997.43463"
"1010","102.62538","1.143851","-35.670033","-5.7081048E-05","-5.726815E-05","0.7558247","0","2","997.43463"
"1011","102.62538","1.143837","-35.670033","-5.709581E-05","-5.728288E-05","0.762006","0","2","997.43463"
"1012","102.62538","1.1438237","-35.670033","-5.711054E-05","-5.729762E-05","0.7680308","0","2","997.43463"
"1013","102.62538","1.1438112","-35.670033","-5.712528E-05","-5.7312292E-05","0.77390313","0","2","997.43463"
"1014","102.62538","1.1437994","-35.670033","-5.7139947E-05","-5.7327026E-05","0.7796268","0","2","997.43463"
"1015","102.62538","1.1437883","-35.670033","-5.7154677E-05","-5.7341647E-05","0.78520554","0","2","997.43463"
"1016","102.62538","1.143778","-35.670033","-5.7169294E-05","-5.7356294E-05","0.7906431","0","2","997.43463"
"1017","102.62538","1.1437683","-35.670033","-5.7183934E-05","-5.735599E-05","0.79594296","0","2","997.43463"
"1018","102.62538","1.1437593","-35.670033","-5.7183668E-05","-5.7370624E-05","0.80110866","0","2","997.43463"
"1019","102.62538","1.1437509","-35.670033","-5.7198296E-05","-5.7385296E-05","0.80614364","0","2","997.43463"
"1020","102.62538","1.1437432","-35.670033","-5.721296E-05","-5.739986E-05","0.81105113","0","2","997.43463"
"1021","102.62538","1.143736","-35.670033","-5.7227517E-05","-5.7414465E-05","0.8158344","0","2","997.43463"
"1022","102.62538","1.1437294","-35.670033","-5.7242112E-05","-5.7421625E-05","0.82049656","0","2","997.43463"
"1023","102.62538","1.1437235","-35.670033","-5.7249283E-05","-5.7436177E-05","0.8250407","0","2","997.43463"
"1024","102.62538","1.1437181","-35.670033","-5.7263824E-05","-5.7443285E-05","0.8294698","0","2","997.43463"
"1025","102.62538","1.1437134","-35.670033","-5.7270943E-05","-5.745784E-05","0.8337868","0","2","997.43463"
"1026","102.62538","1.1437091","-35.670033","-5.7285488E-05","-5.7472498E-05","0.8379945","0","2","997.43463"
"1027","102.62538","1.1437054","-35.670033","-5.730013E-05","-5.747956E-05","0.8420957","0","2","997.43463"
"1028","102.62538","1.1437021","-35.670033","-5.73072E-05","-5.7486664E-05","0.84609306","0","2","997.43463"
"1029","102.62538","1.1436994","-35.670033","-5.7314308E-05","-5.7501267E-05","0.84998924","0","2","997.43463"
"1030","102.62538","1.1436971","-35.670033","-5.7328896E-05","-5.7493526E-05","0.85378677","0","2","997.43463"
"1031","102.62538","1.1436954","-35.670033","-5.7321202E-05","-5.7500638E-05","0.85748816","0","2","997.43463"
"1032","102.62538","1.143694","-35.670033","-5.7328318E-05","-5.7515215E-05","0.86109585","0","2","997.43463"
"1033","102.62538","1.1436931","-35.670033","-5.7342877E-05","-5.752234E-05","0.8646122","0","2","997.43463"
"1034","102.62538","1.1436926","-35.670033","-5.735E-05","-5.7529523E-05","0.86803955","0","2","997.43463"
"1035","102.62538","1.1436925","-35.670033","-5.7357185E-05","-5.7536716E-05","0.87138015","0","2","997.43463"
"1036","102.62538","1.1436927","-35.670033","-5.7364377E-05","-5.754383E-05","0.8746362","0","2","997.43463"
"1037","102.62538","1.1436933","-35.670033","-5.7371493E-05","-5.755097E-05","0.87780976","0","2","997.43463"
"1038","102.62538","1.1436943","-35.670033","-5.7378627E-05","-5.755817E-05","0.880903","0","2","997.43463"
"1039","102.62538","1.1436956","-35.670033","-5.7385823E-05","-5.7565314E-05","0.883918","0","2","997.43463"
"1040","102.62538","1.1436971","-35.670033","-5.7392965E-05","-5.7572495E-05","0.8868566","0","2","997.43463"
"1041","102.62538","1.143699","-35.670033","-5.7400142E-05","-5.75797E-05","0.88972086","0","2","997.43463"
"1042","102.62538","1.1437012","-35.670033","-5.7407342E-05","-5.7586883E-05","0.89251256","0","2","997.43463"
"1043","102.62538","1.1437036","-35.670033","-5.741452E-05","-5.758666E-05","0.89523363","0","2","997.43463"
"1044","102.62538","1.1437062","-35.670033","-5.7414312E-05","-5.7593832E-05","0.8978858","0","2","997.43463"
"1045","102.62538","1.1437092","-35.670033","-5.7421476E-05","-5.7601057E-05","0.90047085","0","2","997.43463"
"1046","102.62538","1.1437123","-35.670033","-5.7428693E-05","-5.7600864E-05","0.90299046","0","2","997.43463"
"1047","102.62538","1.1437156","-35.670033","-5.742851E-05","-5.7608042E-05","0.9054463","0","2","997.43463"
"1048","102.62538","1.1437192","-35.670033","-5.743568E-05","-5.7615278E-05","0.90783995","0","2","997.43463"
"1049","102.62538","1.143723","-35.670033","-5.7442907E-05","-5.761504E-05","0.910173","0","2","997.43463"
"1050","102.62538","1.143727","-35.670033","-5.744268E-05","-5.760745E-05","0.912447","0","2","997.43463"
"1051","102.62538","1.1437311","-35.670033","-5.743512E-05","-5.7607227E-05","0.9146634","0","2","997.43463"
"1052","102.62538","1.1437354","-35.670033","-5.7434907E-05","-5.7614478E-05","0.9168237","0","2","997.43463"
"1053","102.62538","1.1437398","-35.670033","-5.7442146E-05","-5.761429E-05","0.9189293","0","2","997.43463"
"1054","102.62538","1.1437445","-35.670033","-5.7441965E-05","-5.762154E-05","0.9209816","0","2","997.43463"
"1055","102.62538","1.1437492","-35.670033","-5.74492E-05","-5.7621346E-05","0.9229819","0","2","997.43463"
"1056","102.62538","1.1437541","-35.670033","-5.7449015E-05","-5.762867E-05","0.92493165","0","2","997.43463"
"1057","102.62538","1.1437591","-35.670033","-5.7456324E-05","-5.762845E-05","0.926832","0","2","997.43463"
"1058","102.62538","1.1437643","-35.670033","-5.7456113E-05","-5.762832E-05","0.9286843","0","2","997.43463"
"1059","102.62538","1.1437694","-35.670033","-5.7455985E-05","-5.7628193E-05","0.93048966","0","2","997.43463"
"1060","102.62538","1.1437746","-35.670033","-5.7455865E-05","-5.7635516E-05","0.9322493","0","2","997.43463"
"1061","102.62538","1.14378","-35.670033","-5.746317E-05","-5.7635378E-05","0.93396443","0","2","997.43463"
"1062","102.62538","1.1437854","-35.670033","-5.746304E-05","-5.763525E-05","0.9356361","0","2","997.43463"
"1063","102.62538","1.1437908","-35.670033","-5.7462916E-05","-5.764253E-05","0.93726546","0","2","997.43463"
"1064","102.62538","1.1437964","-35.670033","-5.7470177E-05","-5.7642428E-05","0.93885356","0","2","997.43463"
"1065","102.62538","1.143802","-35.670033","-5.747008E-05","-5.76423E-05","0.9404015","0","2","997.43463"
"1066","102.62538","1.1438076","-35.670033","-5.746995E-05","-5.7642177E-05","0.9419102","0","2","997.43463"
"1067","102.62538","1.1438134","-35.670033","-5.746983E-05","-5.764206E-05","0.9433808","0","2","997.43463"
"1068","102.62538","1.1438191","-35.670033","-5.746972E-05","-5.764196E-05","0.9448141","0","2","997.43463"
"1069","102.62538","1.1438248","-35.670033","-5.7469617E-05","-5.7649308E-05","0.9462111","0","2","997.43463"
"1070","102.62538","1.1438307","-35.670033","-5.7476947E-05","-5.764923E-05","0.94757277","0","2","997.43463"
"1071","102.62538","1.1438365","-35.670033","-5.747687E-05","-5.7649147E-05","0.9489","0","2","997.43463"
"1072","102.62538","1.1438423","-35.670033","-5.7476787E-05","-5.764908E-05","0.9501936","0","2","997.43463"
"1073","102.62538","1.1438482","-35.670033","-5.7476722E-05","-5.7648922E-05","0.95145446","0","2","997.43463"
"1074","102.62538","1.143854","-35.670033","-5.7476565E-05","-5.7648835E-05","0.9526834","0","2","997.43463"
"1075","102.62538","1.1438599","-35.670033","-5.7476478E-05","-5.7648806E-05","0.9538812","0","2","997.43463"
"1076","102.62538","1.1438657","-35.670033","-5.747645E-05","-5.7648725E-05","0.9550487","0","2","997.43463"
"1077","102.62538","1.1438715","-35.670033","-5.747637E-05","-5.7648624E-05","0.95618665","0","2","997.43463"
"1078","102.62538","1.1438774","-35.670033","-5.7476267E-05","-5.764859E-05","0.9572958","0","2","997.43463"
"1079","102.62538","1.1438832","-35.670033","-5.7476234E-05","-5.7648474E-05","0.9583768","0","2","997.43463"
"1080","102.62538","1.1438891","-35.670033","-5.7476114E-05","-5.764855E-05","0.9594305","0","2","997.43463"
"1081","102.62538","1.1438948","-35.670033","-5.747619E-05","-5.764843E-05","0.96045756","0","2","997.43463"
"1082","102.62538","1.1439005","-35.670033","-5.747607E-05","-5.7648384E-05","0.96145856","0","2","997.43463"
"1083","102.62538","1.1439062","-35.670033","-5.7476023E-05","-5.7648314E-05","0.96243423","0","2","997.43463"
"1084","102.62538","1.143912","-35.670033","-5.747595E-05","-5.7648293E-05","0.9633852","0","2","997.43463"
"1085","102.62538","1.1439177","-35.670033","-5.747593E-05","-5.7648223E-05","0.96431214","0","2","997.43463"
"1086","102.62538","1.1439233","-35.670033","-5.7475856E-05","-5.764817E-05","0.96521556","0","2","997.43463"
"1087","102.62538","1.1439289","-35.670033","-5.74758E-05","-5.764817E-05","0.96609616","0","2","997.43463"
"1088","102.62538","1.1439345","-35.670033","-5.7475798E-05","-5.76481E-05","0.96695447","0","2","997.43463"
"1089","102.62538","1.14394","-35.670033","-5.747573E-05","-5.764808E-05","0.967791","0","2","997.43463"
"1090","102.62538","1.1439455","-35.670033","-5.7475707E-05","-5.7648016E-05","0.9686064","0","2","997.43463"
"1091","102.62538","1.1439509","-35.670033","-5.7475638E-05","-5.7648067E-05","0.9694011","0","2","997.43463"
"1092","102.62538","1.1439563","-35.670033","-5.747569E-05","-5.764796E-05","0.97017574","0","2","997.43463"
"1093","102.62538","1.1439617","-35.670033","-5.747558E-05","-5.764051E-05","0.97093076","0","2","997.43463"
"1094","102.62538","1.143967","-35.670033","-5.746815E-05","-5.7640464E-05","0.97166663","0","2","997.43463"
"1095","102.62538","1.1439723","-35.670033","-5.74681E-05","-5.7640482E-05","0.9723839","0","2","997.43463"
"1096","102.62538","1.1439775","-35.670033","-5.7468114E-05","-5.7640435E-05","0.973083","0","2","997.43463"
"1097","102.62538","1.1439826","-35.670033","-5.7468063E-05","-5.7640424E-05","0.9737644","0","2","997.43463"
"1098","102.62538","1.1439878","-35.670033","-5.7468053E-05","-5.762554E-05","0.9744286","0","2","997.43463"
"1099","102.62538","1.1439928","-35.670033","-5.745321E-05","-5.7625504E-05","0.97507596","0","2","997.43463"
"1100","102.62538","1.1439978","-35.670033","-5.745317E-05","-5.762549E-05","0.97570693","0","2","997.43463"
"1101","102.62538","1.1440028","-35.670033","-5.745315E-05","-5.7625464E-05","0.97632194","0","2","997.43463"
"1102","102.62538","1.1440077","-35.670033","-5.7453126E-05","-5.7625428E-05","0.9769213","0","2","997.43463"
"1103","102.62538","1.1440126","-35.670033","-5.7453086E-05","-5.7617952E-05","0.97750556","0","2","997.43463"
"1104","102.62538","1.1440173","-35.670033","-5.7445628E-05","-5.761794E-05","0.978075","0","2","997.43463"
"1105","102.62538","1.1440221","-35.670033","-5.7445613E-05","-5.7617985E-05","0.97863007","0","2","997.43463"
"1106","102.62538","1.1440268","-35.670033","-5.7445654E-05","-5.761797E-05","0.97917104","0","2","997.43463"
"1107","102.62538","1.1440314","-35.670033","-5.7445635E-05","-5.761801E-05","0.9796983","0","2","997.43463"
"1108","102.62538","1.1440359","-35.670033","-5.7445675E-05","-5.7617937E-05","0.9802122","0","2","997.43463"
"1109","102.62538","1.1440405","-35.670033","-5.74456E-05","-5.761796E-05","0.9807131","0","2","997.43463"
"1110","102.62538","1.1440449","-35.670033","-5.7445617E-05","-5.761794E-05","0.98120135","0","2","997.43463"
"1111","102.62538","1.1440493","-35.670033","-5.7445595E-05","-5.7617992E-05","0.98167723","0","2","997.43463"
"1112","102.62538","1.1440536","-35.670033","-5.7445643E-05","-5.7610505E-05","0.9821411","0","2","997.43463"
"1113","102.62538","1.1440579","-35.670033","-5.7438174E-05","-5.761047E-05","0.9825932","0","2","997.43463"
"1114","102.62538","1.144062","-35.670033","-5.7438134E-05","-5.7610592E-05","0.98303384","0","2","997.43463"
"1115","102.62538","1.1440662","-35.670033","-5.7438254E-05","-5.7610505E-05","0.98346335","0","2","997.43463"
"1116","102.62538","1.1440703","-35.670033","-5.7438167E-05","-5.761035E-05","0.98388195","0","2","997.43463"
"1117","102.62538","1.1440743","-35.670033","-5.7438006E-05","-5.7610137E-05","0.98429","0","2","997.43463"
"1118","102.62538","1.1440783","-35.670033","-5.7437792E-05","-5.760993E-05","0.9846877","0","2","997.43463"
"1119","102.62538","1.1440822","-35.670033","-5.743758E-05","-5.760229E-05","0.9850753","0","2","997.43463"
"1120","102.62538","1.144086","-35.670033","-5.7429956E-05","-5.760213E-05","0.9854531","0","2","997.43463"
"1121","102.62538","1.1440897","-35.670033","-5.7429792E-05","-5.760189E-05","0.98582137","0","2","997.43463"
"1122","102.62538","1.1440933","-35.670033","-5.7429545E-05","-5.76019E-05","0.9861803","0","2","997.43463"
"1123","102.62538","1.1440967","-35.670033","-5.7429548E-05","-5.7594687E-05","0.9865301","0","2","997.43463"
"1124","102.62538","1.1441001","-35.670033","-5.7422352E-05","-5.759477E-05","0.9868711","0","2","997.43463"
"1125","102.62538","1.1441033","-35.670033","-5.742243E-05","-5.7594807E-05","0.9872035","0","2","997.43463"
"1126","102.62538","1.1441064","-35.670033","-5.7422458E-05","-5.759467E-05","0.98752743","0","2","997.43463"
"1127","102.62538","1.1441094","-35.670033","-5.7422316E-05","-5.7587353E-05","0.98784316","0","2","997.43463"
"1128","102.62538","1.1441123","-35.670033","-5.7415014E-05","-5.7587597E-05","0.9881509","0","2","997.43463"
"1129","102.62538","1.1441152","-35.670033","-5.7415255E-05","-5.7587717E-05","0.9884509","0","2","997.43463"
"1130","102.62538","1.144118","-35.670033","-5.7415367E-05","-5.7587753E-05","0.98874325","0","2","997.43463"
"1131","102.62538","1.1441206","-35.670033","-5.74154E-05","-5.7587727E-05","0.9890282","0","2","997.43463"
"1132","102.62538","1.1441232","-35.670033","-5.741537E-05","-5.758025E-05","0.989306","0","2","997.43463"
"1133","102.62538","1.1441257","-35.670033","-5.7407913E-05","-5.7580095E-05","0.9895767","0","2","997.43463"
"1134","102.62538","1.1441281","-35.670033","-5.7407753E-05","-5.7580277E-05","0.98984057","0","2","997.43463"
"1135","102.62538","1.1441305","-35.670033","-5.7407928E-05","-5.758033E-05","0.99009776","0","2","997.43463"
"1136","102.62538","1.1441327","-35.670033","-5.740798E-05","-5.758028E-05","0.99034846","0","2","997.43463"
"1137","102.62538","1.1441349","-35.670033","-5.7407924E-05","-5.7573037E-05","0.9905928","0","2","997.43463"
"1138","102.62538","1.144137","-35.670033","-5.74007E-05","-5.7573114E-05","0.9908309","0","2","997.43463"
"1139","102.62538","1.144139","-35.670033","-5.740077E-05","-5.7573146E-05","0.991063","0","2","997.43463"
"1140","102.62538","1.1441411","-35.670033","-5.74008E-05","-5.7573143E-05","0.99128926","0","2","997.43463"
"1141","102.62538","1.144143","-35.670033","-5.7400794E-05","-5.757294E-05","0.9915098","0","2","997.43463"
"1142","102.62538","1.1441449","-35.670033","-5.7400586E-05","-5.757313E-05","0.9917247","0","2","997.43463"
"1143","102.62538","1.1441467","-35.670033","-5.7400768E-05","-5.7565765E-05","0.99193424","0","2","997.43463"
"1144","102.62538","1.1441485","-35.670033","-5.7393427E-05","-5.7565812E-05","0.99213845","0","2","997.43463"
"1145","102.62538","1.1441501","-35.670033","-5.739347E-05","-5.756575E-05","0.99233747","0","2","997.43463"
"1146","102.62538","1.1441518","-35.670033","-5.7393405E-05","-5.7565925E-05","0.9925314","0","2","997.43463"
"1147","102.62538","1.1441534","-35.670033","-5.7393576E-05","-5.756602E-05","0.9927205","0","2","997.43463"
"1148","102.62538","1.1441549","-35.670033","-5.7393667E-05","-5.7566038E-05","0.9929048","0","2","997.43463"
"1149","102.62538","1.1441563","-35.670033","-5.739368E-05","-5.7566038E-05","0.9930844","0","2","997.43463"
"1150","102.62538","1.1441578","-35.670033","-5.739368E-05","-5.755857E-05","0.99325943","0","2","997.43463"
"1151","102.62538","1.1441592","-35.670033","-5.738623E-05","-5.755838E-05","0.9934301","0","2","997.43463"
"1152","102.62538","1.1441605","-35.670033","-5.7386038E-05","-5.755859E-05","0.9935964","0","2","997.43463"
"1153","102.62538","1.1441618","-35.670033","-5.738625E-05","-5.755866E-05","0.9937585","0","2","997.43463"
"1154","102.62538","1.144163","-35.670033","-5.7386314E-05","-5.7558715E-05","0.9939165","0","2","997.43463"
"1155","102.62538","1.1441642","-35.670033","-5.7386365E-05","-5.7558715E-05","0.99407053","0","2","997.43463"
"1156","102.62538","1.1441654","-35.670033","-5.7386365E-05","-5.7558704E-05","0.9942206","0","2","997.43463"
"1157","102.62538","1.1441665","-35.670033","-5.738635E-05","-5.7558627E-05","0.99436694","0","2","997.43463"
"1158","102.62538","1.1441675","-35.670033","-5.738627E-05","-5.7558802E-05","0.9945095","0","2","997.43463"
"1159","102.62538","1.1441686","-35.670033","-5.7386445E-05","-5.755888E-05","0.9946485","0","2","997.43463"
"1160","102.62538","1.1441697","-35.670033","-5.7386518E-05","-5.7551442E-05","0.994784","0","2","997.43463"
"1161","102.62538","1.1441706","-35.670033","-5.7379104E-05","-5.7551442E-05","0.994916","0","2","997.43463"
"1162","102.62538","1.1441716","-35.670033","-5.73791E-05","-5.7551435E-05","0.9950447","0","2","997.43463"
"1163","102.62538","1.1441725","-35.670033","-5.7379093E-05","-5.7551417E-05","0.9951702","0","2","997.43463"
"1164","102.62538","1.1441735","-35.670033","-5.7379075E-05","-5.7551384E-05","0.9952924","0","2","997.43463"
"1165","102.62538","1.1441743","-35.670033","-5.737904E-05","-5.7551253E-05","0.9954116","0","2","997.43463"
"1166","102.62538","1.1441752","-35.670033","-5.7378908E-05","-5.7551428E-05","0.99552774","0","2","997.43463"
"1167","102.62538","1.144176","-35.670033","-5.737908E-05","-5.7551522E-05","0.99564093","0","2","997.43463"
"1168","102.62538","1.1441768","-35.670033","-5.7379173E-05","-5.755156E-05","0.99575126","0","2","997.43463"
"1169","102.62538","1.1441776","-35.670033","-5.7379206E-05","-5.7551562E-05","0.99585885","0","2","997.43463"
"1170","102.62538","1.1441783","-35.670033","-5.737921E-05","-5.7551573E-05","0.9959637","0","2","997.43463"
"1171","102.62538","1.144179","-35.670033","-5.7379217E-05","-5.755156E-05","0.99606586","0","2","997.43463"
"1172","102.62538","1.1441797","-35.670033","-5.7379202E-05","-5.7551537E-05","0.99616545","0","2","997.43463"
"1173","102.62538","1.1441804","-35.670033","-5.737918E-05","-5.755151E-05","0.99626255","0","2","997.43463"
"1174","102.62538","1.144181","-35.670033","-5.737915E-05","-5.7551424E-05","0.99635714","0","2","997.43463"
"1175","102.62538","1.1441816","-35.670033","-5.7379064E-05","-5.7551606E-05","0.99644935","0","2","997.43463"
"1176","102.62538","1.1441822","-35.670033","-5.7379246E-05","-5.7551682E-05","0.99653924","0","2","997.43463"
"1177","102.62538","1.1441828","-35.670033","-5.737932E-05","-5.7544283E-05","0.99662685","0","2","997.43463"
"1178","102.62538","1.1441834","-35.670033","-5.737194E-05","-5.754427E-05","0.99671227","0","2","997.43463"
"1179","102.62538","1.144184","-35.670033","-5.7371926E-05","-5.754427E-05","0.9967955","0","2","997.43463"
"1180","102.62538","1.1441846","-35.670033","-5.7371926E-05","-5.7544235E-05","0.9968766","0","2","997.43463"
"1181","102.62538","1.1441851","-35.670033","-5.7371893E-05","-5.7544225E-05","0.9969557","0","2","997.43463"
"1182","102.62538","1.1441855","-35.670033","-5.737188E-05","-5.7544214E-05","0.99703276","0","2","997.43463"
"1183","102.62538","1.144186","-35.670033","-5.7371868E-05","-5.75442E-05","0.99710786","0","2","997.43463"
"1184","102.62538","1.1441865","-35.670033","-5.7371853E-05","-5.7544188E-05","0.99718106","0","2","997.43463"
"1185","102.62538","1.144187","-35.670033","-5.737184E-05","-5.7544177E-05","0.9972524","0","2","997.43463"
"1186","102.62538","1.1441875","-35.670033","-5.7371828E-05","-5.7544174E-05","0.99732196","0","2","997.43463"
"1187","102.62538","1.1441878","-35.670033","-5.7371824E-05","-5.7543988E-05","0.99738973","0","2","997.43463"
"1188","102.62538","1.1441882","-35.670033","-5.737164E-05","-5.7544203E-05","0.99745584","0","2","997.43463"
"1189","102.62538","1.1441885","-35.670033","-5.737185E-05","-5.7544315E-05","0.99752027","0","2","997.43463"
"1190","102.62538","1.1441889","-35.670033","-5.7371963E-05","-5.7544366E-05","0.99758303","0","2","997.43463"
"1191","102.62538","1.1441892","-35.670033","-5.7372014E-05","-5.7544385E-05","0.99764425","0","2","997.43463"
"1192","102.62538","1.1441896","-35.670033","-5.737203E-05","-5.7544392E-05","0.9977039","0","2","997.43463"
"1193","102.62538","1.14419","-35.670033","-5.7372035E-05","-5.7544385E-05","0.997762","0","2","997.43463"
"1194","102.62538","1.1441903","-35.670033","-5.7372028E-05","-5.7544363E-05","0.9978187","0","2","997.43463"
"1195","102.62538","1.1441907","-35.670033","-5.7372006E-05","-5.754434E-05","0.9978739","0","2","997.43463"
"1196","102.62538","1.144191","-35.670033","-5.7371984E-05","-5.754432E-05","0.9979277","0","2","997.43463"
"1197","102.62538","1.1441913","-35.670033","-5.7371963E-05","-5.7544323E-05","0.9979802","0","2","997.43463"
"1198","102.62538","1.1441915","-35.670033","-5.7371966E-05","-5.7544315E-05","0.9980313","0","2","997.43463"
"1199","102.62538","1.1441917","-35.670033","-5.737196E-05","-5.7544315E-05","0.99808115","0","2","997.43463"
"1200","102.62538","1.144192","-35.670033","-5.7371955E-05","-5.754432E-05","0.9981297","0","2","997.43463"
"1201","102.62538","1.1441922","-35.670033","-5.737196E-05","-5.7544305E-05","0.99817705","0","2","997.43463"
"1202","102.62538","1.1441925","-35.670033","-5.7371944E-05","-5.7544305E-05","0.9982232","0","2","997.43463"
"1203","102.62538","1.1441927","-35.670033","-5.7371944E-05","-5.7544305E-05","0.9982682","0","2","997.43463"
"1204","102.62538","1.1441929","-35.670033","-5.7371944E-05","-5.754423E-05","0.99831206","0","2","997.43463"
"1205","102.62538","1.1441932","-35.670033","-5.7371864E-05","-5.754441E-05","0.9983548","0","2","997.43463"
"1206","102.62538","1.1441934","-35.670033","-5.7372046E-05","-5.754451E-05","0.99839646","0","2","997.43463"
"1207","102.62538","1.1441936","-35.670033","-5.7372145E-05","-5.754454E-05","0.99843705","0","2","997.43463"
"1208","102.62538","1.1441939","-35.670033","-5.7372177E-05","-5.7544537E-05","0.9984766","0","2","997.43463"
"1209","102.62538","1.1441941","-35.670033","-5.7372174E-05","-5.754454E-05","0.9985152","0","2","997.43463"
"1210","102.62538","1.1441944","-35.670033","-5.7372177E-05","-5.7544512E-05","0.9985528","0","2","997.43463"
"1211","102.62538","1.1441946","-35.670033","-5.7372148E-05","-5.7544494E-05","0.99858946","0","2","997.43463"
"1212","102.62538","1.1441948","-35.670033","-5.737213E-05","-5.754446E-05","0.99862516","0","2","997.43463"
"1213","102.62538","1.1441951","-35.670033","-5.7372097E-05","-5.7544443E-05","0.99865997","0","2","997.43463"
"1214","102.62538","1.1441953","-35.670033","-5.737208E-05","-5.7544436E-05","0.9986939","0","2","997.43463"
"1215","102.62538","1.1441954","-35.670033","-5.737207E-05","-5.7544417E-05","0.99872696","0","2","997.43463"
"1216","102.62538","1.1441956","-35.670033","-5.7372054E-05","-5.754441E-05","0.9987592","0","2","997.43463"
"1217","102.62538","1.1441957","-35.670033","-5.7372046E-05","-5.754441E-05","0.9987906","0","2","997.43463"
"1218","102.62538","1.1441958","-35.670033","-5.7372046E-05","-5.754441E-05","0.99882126","0","2","997.43463"
"1219","102.62538","1.1441959","-35.670033","-5.7372046E-05","-5.754441E-05","0.9988511","0","2","997.43463"
"1220","102.62538","1.144196","-35.670033","-5.7372046E-05","-5.7536956E-05","0.9988802","0","2","997.43463"
"1221","102.62538","1.1441962","-35.670033","-5.7364614E-05","-5.7536952E-05","0.9989086","0","2","997.43463"
"1222","102.62538","1.1441963","-35.670033","-5.7364607E-05","-5.7536952E-05","0.99893624","0","2","997.43463"
"1223","102.62538","1.1441964","-35.670033","-5.7364607E-05","-5.7536952E-05","0.9989632","0","2","997.43463"
"1224","102.62538","1.1441965","-35.670033","-5.7364607E-05","-5.7536952E-05","0.9989894","0","2","997.43463"
"1225","102.62538","1.1441966","-35.670033","-5.7364607E-05","-5.7536967E-05","0.999015","0","2","997.43463"
"1226","102.62538","1.1441967","-35.670033","-5.736462E-05","-5.7536952E-05","0.9990399","0","2","997.43463"
"1227","102.62538","1.1441969","-35.670033","-5.7364607E-05","-5.7536956E-05","0.9990642","0","2","997.43463"
"1228","102.62538","1.144197","-35.670033","-5.736461E-05","-5.753696E-05","0.99908787","0","2","997.43463"
"1229","102.62538","1.1441971","-35.670033","-5.7364614E-05","-5.753695E-05","0.99911094","0","2","997.43463"
"1230","102.62538","1.1441972","-35.670033","-5.7364603E-05","-5.753696E-05","0.99913347","0","2","997.43463"
"1231","102.62538","1.1441973","-35.670033","-5.7364614E-05","-5.7536967E-05","0.9991554","0","2","997.43463"
"1232","102.62538","1.1441975","-35.670033","-5.7364618E-05","-5.7536956E-05","0.9991768","0","2","997.43463"
"1233","102.62538","1.1441976","-35.670033","-5.7364607E-05","-5.753696E-05","0.99919766","0","2","997.43463"
"1234","102.62538","1.1441976","-35.670033","-5.736461E-05","-5.7536985E-05","0.999218","0","2","997.43463"
"1235","102.62538","1.1441976","-35.670033","-5.7364636E-05","-5.7536992E-05","0.9992378","0","2","997.43463"
"1236","102.62538","1.1441976","-35.670033","-5.7364643E-05","-5.7537003E-05","0.9992571","0","2","997.43463"
"1237","102.62538","1.1441976","-35.670033","-5.7364654E-05","-5.7536887E-05","0.9992759","0","2","997.43463"
"1238","102.62538","1.1441976","-35.670033","-5.7364537E-05","-5.753709E-05","0.9992943","0","2","997.43463"
"1239","102.62538","1.1441976","-35.670033","-5.736474E-05","-5.7537192E-05","0.99931216","0","2","997.43463"
"1240","102.62538","1.1441976","-35.670033","-5.7364843E-05","-5.7537243E-05","0.99932957","0","2","997.43463"
"1241","102.62538","1.1441976","-35.670033","-5.7364894E-05","-5.7537247E-05","0.99934655","0","2","997.43463"
"1242","102.62538","1.1441976","-35.670033","-5.7364898E-05","-5.7537243E-05","0.9993631","0","2","997.43463"
"1243","102.62538","1.1441977","-35.670033","-5.7364894E-05","-5.7537214E-05","0.9993792","0","2","997.43463"
"1244","102.62538","1.1441978","-35.670033","-5.7364865E-05","-5.7537192E-05","0.99939495","0","2","997.43463"
"1245","102.62538","1.144198","-35.670033","-5.7364843E-05","-5.753715E-05","0.9994103","0","2","997.43463"
"1246","102.62538","1.1441981","-35.670033","-5.73648E-05","-5.7537123E-05","0.9994252","0","2","997.43463"
"1247","102.62538","1.1441982","-35.670033","-5.7364778E-05","-5.7537105E-05","0.9994397","0","2","997.43463"
"1248","102.62538","1.1441983","-35.670033","-5.736476E-05","-5.753708E-05","0.9994539","0","2","997.43463"
"1249","102.62538","1.1441984","-35.670033","-5.7364734E-05","-5.753706E-05","0.99946773","0","2","997.43463"
"1250","102.62538","1.1441985","-35.670033","-5.7364716E-05","-5.753704E-05","0.9994812","0","2","997.43463"
"1251","102.62538","1.1441987","-35.670033","-5.7364694E-05","-5.7537032E-05","0.9994943","0","2","997.43463"
"1252","102.62538","1.1441988","-35.670033","-5.7364687E-05","-5.7537025E-05","0.9995071","0","2","997.43463"
"1253","102.62538","1.1441989","-35.670033","-5.7364676E-05","-5.753701E-05","0.9995196","0","2","997.43463"
"1254","102.62538","1.144199","-35.670033","-5.736466E-05","-5.753701E-05","0.99953175","0","2","997.43463"
"1255","102.62538","1.1441991","-35.670033","-5.736466E-05","-5.7537018E-05","0.9995436","0","2","997.43463"
"1256","102.62538","1.1441993","-35.670033","-5.736467E-05","-5.7537003E-05","0.9995552","0","2","997.43463"
"1257","102.62538","1.1441993","-35.670033","-5.7364654E-05","-5.753701E-05","0.99956644","0","2","997.43463"
"1258","102.62538","1.1441993","-35.670033","-5.736466E-05","-5.7537025E-05","0.9995774","0","2","997.43463"
"1259","102.62538","1.1441993","-35.670033","-5.7364676E-05","-5.7537025E-05","0.9995881","0","2","997.43463"
"1260","102.62538","1.1441993","-35.670033","-5.7364676E-05","-5.7537032E-05","0.9995985","0","2","997.43463"
"1261","102.62538","1.1441993","-35.670033","-5.7364683E-05","-5.7537043E-05","0.9996087","0","2","997.43463"
"1262","102.62538","1.1441993","-35.670033","-5.7364694E-05","-5.7537043E-05","0.9996186","0","2","997.43463"
"1263","102.62538","1.1441993","-35.670033","-5.7364694E-05","-5.7537054E-05","0.99962825","0","2","997.43463"
"1264","102.62538","1.1441993","-35.670033","-5.7364705E-05","-5.7537054E-05","0.99963766","0","2","997.43463"
"1265","102.62538","1.1441993","-35.670033","-5.7364705E-05","-5.7537054E-05","0.99964684","0","2","997.43463"
"1266","102.62538","1.1441993","-35.670033","-5.7364705E-05","-5.7537054E-05","0.9996558","0","2","997.43463"
"1267","102.62538","1.1441993","-35.670033","-5.7364705E-05","-5.7537054E-05","0.9996645","0","2","997.43463"
"1268","102.62538","1.1441993","-35.670033","-5.7364705E-05","-5.7537054E-05","0.99967295","0","2","997.43463"
"1269","102.62538","1.1441993","-35.670033","-5.7364705E-05","-5.7537058E-05","0.99968123","0","2","997.43463"
"1270","102.62538","1.1441993","-35.670033","-5.736471E-05","-5.7537054E-05","0.9996893","0","2","997.43463"
"1271","102.62538","1.1441993","-35.670033","-5.7364705E-05","-5.7537058E-05","0.99969715","0","2","997.43463"
"1272","102.62538","1.1441993","-35.670033","-5.736471E-05","-5.753706E-05","0.99970484","0","2","997.43463"
"1273","102.62538","1.1441993","-35.670033","-5.7364712E-05","-5.7537058E-05","0.9997123","0","2","997.43463"
"1274","102.62538","1.1441993","-35.670033","-5.736471E-05","-5.753706E-05","0.99971956","0","2","997.43463"
"1275","102.62538","1.1441993","-35.670033","-5.7364712E-05","-5.753706E-05","0.99972665","0","2","997.43463"
"1276","102.62538","1.1441993","-35.670033","-5.7364712E-05","-5.753706E-05","0.99973357","0","2","997.43463"
"1277","102.62538","1.1441993","-35.670033","-5.7364712E-05","-5.753707E-05","0.9997403","0","2","997.43463"
"1278","102.62538","1.1441993","-35.670033","-5.736472E-05","-5.753706E-05","0.99974686","0","2","997.43463"
"1279","102.62538","1.1441993","-35.670033","-5.7364712E-05","-5.753706E-05","0.9997533","0","2","997.43463"
"1280","102.62538","1.1441993","-35.670033","-5.7364712E-05","-5.753706E-05","0.99975955","0","2","997.43463"
"1281","102.62538","1.1441993","-35.670033","-5.7364712E-05","-5.753706E-05","0.99976563","0","2","997.43463"
"1282","102.62538","1.1441993","-35.670033","-5.7364712E-05","-5.753706E-05","0.9997716","0","2","997.43463"
"1283","102.62538","1.1441993","-35.670033","-5.7364712E-05","-5.753706E-05","0.9997774","0","2","997.43463"
"1284","102.62538","1.1441993","-35.670033","-5.7364712E-05","-5.753706E-05","0.99978304","0","2","997.43463"
"1285","102.62538","1.1441993","-35.670033","-5.7364712E-05","-5.753707E-05","0.9997885","0","2","997.43463"
"1286","102.62538","1.1441993","-35.670033","-5.736472E-05","-5.753707E-05","0.9997939","0","2","997.43463"
"1287","102.62538","1.1441993","-35.670033","-5.736472E-05","-5.753707E-05","0.99979913","0","2","997.43463"
"1288","102.62538","1.1441993","-35.670033","-5.736472E-05","-5.7537072E-05","0.9998042","0","2","997.43463"
"1289","102.62538","1.1441993","-35.670033","-5.7364723E-05","-5.753706E-05","0.99980915","0","2","997.43463"
"1290","102.62538","1.1441993","-35.670033","-5.7364712E-05","-5.7537072E-05","0.999814","0","2","997.43463"
"1291","102.62538","1.1441993","-35.670033","-5.7364723E-05","-5.7537072E-05","0.9998187","0","2","997.43463"
"1292","102.62538","1.1441993","-35.670033","-5.7364723E-05","-5.7537072E-05","0.9998233","0","2","997.43463"
"1293","102.62538","1.1441993","-35.670033","-5.7364723E-05","-5.753706E-05","0.99982774","0","2","997.43463"
"1294","102.62538","1.1441993","-35.670033","-5.736471E-05","-5.753707E-05","0.9998321","0","2","997.43463"
"1295","102.62538","1.1441993","-35.670033","-5.7364716E-05","-5.7537072E-05","0.9998363","0","2","997.43463"
"1296","102.62538","1.1441993","-35.670033","-5.736472E-05","-5.7537072E-05","0.9998405","0","2","997.43463"
"1297","102.62538","1.1441993","-35.670033","-5.736472E-05","-5.7537072E-05","0.99984455","0","2","997.43463"
"1298","102.62538","1.1441993","-35.670033","-5.736472E-05","-5.7537072E-05","0.9998485","0","2","997.43463"
"1299","102.62538","1.1441993","-35.670033","-5.736472E-05","-5.753707E-05","0.9998523","0","2","997.43463"
"1300","102.62538","1.1441993","-35.670033","-5.7364716E-05","-5.7537072E-05","0.99985605","0","2","997.43463"
"1301","102.62538","1.1441993","-35.670033","-5.736472E-05","-5.753707E-05","0.9998597","0","2","997.43463"
"1302","102.62538","1.1441993","-35.670033","-5.7364716E-05","-5.7537072E-05","0.99986327","0","2","997.43463"
"1303","102.62538","1.1441993","-35.670033","-5.736472E-05","-5.7537072E-05","0.9998667","0","2","997.43463"
"1304","102.62538","1.1441993","-35.670033","-5.736472E-05","-5.7537072E-05","0.9998701","0","2","997.43463"
"1305","102.62538","1.1441993","-35.670033","-5.736472E-05","-5.7537072E-05","0.9998734","0","2","997.43463"
"1306","102.62538","1.1441993","-35.670033","-5.736472E-05","-5.7537072E-05","0.9998766","0","2","997.43463"
"1307","102.62538","1.1441993","-35.670033","-5.736472E-05","-5.7537072E-05","0.9998797","0","2","997.43463"
"1308","102.62538","1.1441993","-35.670033","-5.736472E-05","-5.7537072E-05","0.99988276","0","2","997.43463"
"1309","102.62538","1.1441993","-35.670033","-5.736472E-05","-5.7537072E-05","0.99988574","0","2","997.43463"
"1310","102.62538","1.1441993","-35.670033","-5.736472E-05","-5.7537076E-05","0.99988866","0","2","997.43463"
"1311","102.62538","1.1441993","-35.670033","-5.7364723E-05","-5.7537072E-05","0.99989146","0","2","997.43463"
"1312","102.62538","1.1441993","-35.670033","-5.736472E-05","-5.7537076E-05","0.9998942","0","2","997.43463"
"1313","102.62538","1.1441993","-35.670033","-5.7364723E-05","-5.7537072E-05","0.9998969","0","2","997.43463"
"1314","102.62538","1.1441993","-35.670033","-5.736472E-05","-5.7537076E-05","0.9998995","0","2","997.43463"
"1315","102.62538","1.1441993","-35.670033","-5.7364723E-05","-5.7537072E-05","0.99990207","0","2","997.43463"
"1316","102.62538","1.1441993","-35.670033","-5.736472E-05","-5.7537076E-05","0.9999046","0","2","997.43463"
"1317","102.62538","1.1441993","-35.670033","-5.7364723E-05","-5.7537072E-05","0.999907","0","2","997.43463"
"1318","102.62538","1.1441993","-35.670033","-5.736472E-05","-5.7537076E-05","0.99990934","0","2","997.43463"
"1319","102.62538","1.1441993","-35.670033","-5.7364723E-05","-5.7537072E-05","0.99991167","0","2","997.43463"
"1320","102.62538","1.1441993","-35.670033","-5.736472E-05","-5.7537076E-05","0.99991393","0","2","997.43463"
"1321","102.62538","1.1441993","-35.670033","-5.7364723E-05","-5.7537072E-05","0.99991614","0","2","997.43463"
"1322","102.62538","1.1441993","-35.670033","-5.736472E-05","-5.7537076E-05","0.9999183","0","2","997.43463"
"1323","102.62538","1.1441993","-35.670033","-5.7364723E-05","-5.7537076E-05","0.99992037","0","2","997.43463"
"1324","102.62538","1.1441993","-35.670033","-5.7364723E-05","-5.7537072E-05","0.9999224","0","2","997.43463"
"1325","102.62538","1.1441993","-35.670033","-5.736472E-05","-5.7537076E-05","0.99992436","0","2","997.43463"
"1326","102.62538","1.1441993","-35.670033","-5.7364723E-05","-5.753708E-05","0.99992627","0","2","997.43463"
"1327","102.62538","1.1441993","-35.670033","-5.7364727E-05","-5.7537076E-05","0.9999281","0","2","997.43463"
"1328","102.62538","1.1441993","-35.670033","-5.7364723E-05","-5.7537076E-05","0.99992996","0","2","997.43463"
"1329","102.62538","1.1441993","-35.670033","-5.7364723E-05","-5.753708E-05","0.99993175","0","2","997.43463"
"1330","102.62538","1.1441993","-35.670033","-5.7364727E-05","-5.7537076E-05","0.9999335","0","2","997.43463"
"1331","102.62538","1.1441993","-35.670033","-5.7364723E-05","-5.7537076E-05","0.99993515","0","2","997.43463"
"1332","102.62538","1.1441993","-35.670033","-5.7364723E-05","-5.7537072E-05","0.9999368","0","2","997.43463"
"1333","102.62538","1.1441993","-35.670033","-5.736472E-05","-5.7537076E-05","0.9999384","0","2","997.43463"
"1334","102.62538","1.1441993","-35.670033","-5.7364723E-05","-5.7537076E-05","0.99994","0","2","997.43463"
"1335","102.62538","1.1441993","-35.670033","-5.7364723E-05","-5.753708E-05","0.99994147","0","2","997.43463"
"1336","102.62538","1.1441993","-35.670033","-5.7364727E-05","-5.753708E-05","0.99994296","0","2","997.43463"
"1337","102.62538","1.1441993","-35.670033","-5.7364727E-05","-5.7537076E-05","0.9999444","0","2","997.43463"
"1338","102.62538","1.1441993","-35.670033","-5.7364723E-05","-5.7537076E-05","0.9999458","0","2","997.43463"
"1339","102.62538","1.1441993","-35.670033","-5.7364723E-05","-5.7537072E-05","0.9999472","0","2","997.43463"
"1340","102.62538","1.1441993","-35.670033","-5.736472E-05","-5.7537076E-05","0.9999485","0","2","997.43463"
"1341","102.62538","1.1441993","-35.670033","-5.7364723E-05","-5.7537076E-05","0.9999498","0","2","997.43463"
"1342","102.62538","1.1441993","-35.670033","-5.7364723E-05","-5.753708E-05","0.99995106","0","2","997.43463"
"1343","102.62538","1.1441993","-35.670033","-5.7364727E-05","-5.7537072E-05","0.9999523","0","2","997.43463"
"1344","102.62538","1.1441993","-35.670033","-5.736472E-05","-5.753708E-05","0.9999535","0","2","997.43463"
"1345","102.62538","1.1441993","-35.670033","-5.7364727E-05","-5.7537076E-05","0.9999547","0","2","997.43463"
"1346","102.62538","1.1441993","-35.670033","-5.7364723E-05","-5.753708E-05","0.99995583","0","2","997.43463"
"1347","102.62538","1.1441993","-35.670033","-5.7364727E-05","-5.753708E-05","0.99995697","0","2","997.43463"
"1348","102.62538","1.1441993","-35.670033","-5.7364727E-05","-5.7537076E-05","0.99995804","0","2","997.43463"
"1349","102.62538","1.1441993","-35.670033","-5.7364723E-05","-5.7537076E-05","0.9999591","0","2","997.43463"
"1350","102.62538","1.1441993","-35.670033","-5.7364723E-05","-5.7537076E-05","0.9999601","0","2","997.43463"
"1351","102.62538","1.1441993","-35.670033","-5.7364723E-05","-5.753708E-05","0.99996114","0","2","997.43463"
"1352","102.62538","1.1441993","-35.670033","-5.7364727E-05","-5.753708E-05","0.99996215","0","2","997.43463"
"1353","102.62538","1.1441993","-35.670033","-5.7364727E-05","-5.753708E-05","0.9999631","0","2","997.43463"
"1354","102.62538","1.1441993","-35.670033","-5.7364727E-05","-5.7537076E-05","0.99996406","0","2","997.43463"
"1355","102.62538","1.1441993","-35.670033","-5.7364723E-05","-5.7537076E-05","0.99996495","0","2","997.43463"
"1356","102.62538","1.1441993","-35.670033","-5.7364723E-05","-5.7537076E-05","0.99996585","0","2","997.43463"
"1357","102.62538","1.1441993","-35.670033","-5.7364723E-05","-5.753708E-05","0.99996674","0","2","997.43463"
"1358","102.62538","1.1441993","-35.670033","-5.7364727E-05","-5.7537076E-05","0.9999676","0","2","997.43463"
"1359","102.62538","1.1441993","-35.670033","-5.7364723E-05","-5.7537076E-05","0.9999684","0","2","997.43463"
"1360","102.62538","1.1441993","-35.670033","-5.7364723E-05","-5.753708E-05","0.9999692","0","2","997.43463"
"1361","102.62538","1.1441993","-35.670033","-5.7364727E-05","-5.7537076E-05","0.99996996","0","2","997.43463"
"1362","102.62538","1.1441993","-35.670033","-5.7364723E-05","-5.7537076E-05","0.99997073","0","2","997.43463"
"1363","102.62538","1.1441993","-35.670033","-5.7364723E-05","-5.753708E-05","0.99997145","0","2","997.43463"
"1364","102.62538","1.1441993","-35.670033","-5.7364727E-05","-5.753708E-05","0.99997216","0","2","997.43463"
"1365","102.62538","1.1441993","-35.670033","-5.7364727E-05","-5.753708E-05","0.9999729","0","2","997.43463"
"1366","102.62538","1.1441993","-35.670033","-5.7364727E-05","-5.753708E-05","0.9999736","0","2","997.43463"
"1367","102.62538","1.1441993","-35.670033","-5.7364727E-05","-5.753708E-05","0.99997425","0","2","997.43463"
"1368","102.62538","1.1441993","-35.670033","-5.7364727E-05","-5.7537076E-05","0.9999749","0","2","997.43463"
"1369","102.62538","1.1441993","-35.670033","-5.7364723E-05","-5.7537076E-05","0.99997556","0","2","997.43463"
"1370","102.62538","1.1441993","-35.670033","-5.7364723E-05","-5.753708E-05","0.99997616","0","2","997.43463"
"1371","102.62538","1.1441993","-35.670033","-5.7364727E-05","-5.753708E-05","0.99997675","0","2","997.43463"
"1372","102.62538","1.1441993","-35.670033","-5.7364727E-05","-5.753708E-05","0.99997735","0","2","997.43463"
"1373","102.62538","1.1441993","-35.670033","-5.7364727E-05","-5.7537076E-05","0.99997795","0","2","997.43463"
"1374","102.62538","1.1441993","-35.670033","-5.7364723E-05","-5.753708E-05","0.9999785","0","2","997.43463"
"1375","102.62538","1.1441993","-35.670033","-5.7364727E-05","-5.753708E-05","0.999979","0","2","997.43463"
"1376","102.62538","1.1441993","-35.670033","-5.7364727E-05","-5.7537076E-05","0.99997956","0","2","997.43463"
"1377","102.62538","1.1441993","-35.670033","-5.7364723E-05","-5.7537076E-05","0.9999801","0","2","997.43463"
"1378","102.62538","1.1441993","-35.670033","-5.7364723E-05","-5.7537076E-05","0.99998057","0","2","997.43463"
"1379","102.62538","1.1441993","-35.670033","-5.7364723E-05","-5.753708E-05","0.99998105","0","2","997.43463"
"1380","102.62538","1.1441993","-35.670033","-5.7364727E-05","-5.753708E-05","0.9999815","0","2","997.43463"
"1381","102.62538","1.1441993","-35.670033","-5.7364727E-05","-5.753708E-05","0.999982","0","2","997.43463"
"1382","102.62538","1.1441993","-35.670033","-5.7364727E-05","-5.753708E-05","0.9999825","0","2","997.43463"
"1383","102.62538","1.1441993","-35.670033","-5.7364727E-05","-5.753708E-05","0.9999829","0","2","997.43463"
"1384","102.62538","1.1441993","-35.670033","-5.7364727E-05","-5.753708E-05","0.9999833","0","2","997.43463"
"1385","102.62538","1.1441993","-35.670033","-5.7364727E-05","-5.753708E-05","0.9999837","0","2","997.43463"
"1386","102.62538","1.1441993","-35.670033","-5.7364727E-05","-5.753708E-05","0.99998415","0","2","997.43463"
"1387","102.62538","1.1441993","-35.670033","-5.7364727E-05","-5.7537076E-05","0.99998456","0","2","997.43463"
"1388","102.62538","1.1441993","-35.670033","-5.7364723E-05","-5.753708E-05","0.999985","0","2","997.43463"
"1389","102.62538","1.1441993","-35.670033","-5.7364727E-05","-5.753708E-05","0.99998534","0","2","997.43463"
"1390","102.62538","1.1441993","-35.670033","-5.7364727E-05","-5.7537076E-05","0.9999857","0","2","997.43463"
"1391","102.62538","1.1441993","-35.670033","-5.7364723E-05","-5.753708E-05","0.99998605","0","2","997.43463"
"1392","102.62538","1.1441993","-35.670033","-5.7364727E-05","-5.753708E-05","0.9999864","0","2","997.43463"
"1393","102.62538","1.1441993","-35.670033","-5.7364727E-05","-5.753708E-05","0.99998677","0","2","997.43463"
"1394","102.62538","1.1441993","-35.670033","-5.7364727E-05","-5.7537087E-05","0.9999871","0","2","997.43463"
"1395","102.62538","1.1441993","-35.670033","-5.7364734E-05","-5.753708E-05","0.9999874","0","2","997.43463"
"1396","102.62538","1.1441993","-35.670033","-5.7364727E-05","-5.7537076E-05","0.9999877","0","2","997.43463"
"1397","102.62538","1.1441993","-35.670033","-5.7364723E-05","-5.7537076E-05","0.999988","0","2","997.43463"
"1398","102.62538","1.1441993","-35.670033","-5.7364723E-05","-5.7537076E-05","0.9999883","0","2","997.43463"
"1399","102.62538","1.1441993","-35.670033","-5.7364723E-05","-5.753708E-05","0.9999886","0","2","997.43463"
"1400","102.62538","1.1441993","-35.670033","-5.7364727E-05","-5.753708E-05","0.9999889","0","2","997.43463"
"1401","102.62538","1.1441993","-35.670033","-5.7364727E-05","-5.753708E-05","0.9999892","0","2","997.43463"
"1402","102.62538","1.1441993","-35.670033","-5.7364727E-05","-5.753708E-05","0.9999895","0","2","997.43463"
"1403","102.62538","1.1441993","-35.670033","-5.7364727E-05","-5.753708E-05","0.99998975","0","2","997.43463"
"1404","102.62538","1.1441993","-35.670033","-5.7364727E-05","-5.7537076E-05","0.99999","0","2","997.43463"
"1405","102.62538","1.1441993","-35.670033","-5.7364723E-05","-5.7537076E-05","0.9999902","0","2","997.43463"
"1406","102.62538","1.1441993","-35.670033","-5.7364723E-05","-5.753708E-05","0.99999046","0","2","997.43463"
"1407","102.62538","1.1441993","-35.670033","-5.7364727E-05","-5.753708E-05","0.9999907","0","2","997.43463"
"1408","102.62538","1.1441993","-35.670033","-5.7364727E-05","-5.753708E-05","0.99999094","0","2","997.43463"
"1409","102.62538","1.1441993","-35.670033","-5.7364727E-05","-5.753708E-05","0.9999912","0","2","997.43463"
"1410","102.62538","1.1441993","-35.670033","-5.7364727E-05","-5.753708E-05","0.9999914","0","2","997.43463"
"1411","102.62538","1.1441993","-35.670033","-5.7364727E-05","-5.753708E-05","0.99999166","0","2","997.43463"
"1412","102.62538","1.1441993","-35.670033","-5.7364727E-05","-5.753708E-05","0.9999919","0","2","997.43463"
"1413","102.62538","1.1441993","-35.670033","-5.7364727E-05","-5.753708E-05","0.9999921","0","2","997.43463"
"1414","102.62538","1.1441993","-35.670033","-5.7364727E-05","-5.753708E-05","0.99999225","0","2","997.43463"
"1415","102.62538","1.1441993","-35.670033","-5.7364727E-05","-5.753708E-05","0.99999243","0","2","997.43463"
"1416","102.62538","1.1441993","-35.670033","-5.7364727E-05","-5.753708E-05","0.9999926","0","2","997.43463"
"1417","102.62538","1.1441993","-35.670033","-5.7364727E-05","-5.753708E-05","0.9999928","0","2","997.43463"
"1418","102.62538","1.1441993","-35.670033","-5.7364727E-05","-5.753708E-05","0.99999297","0","2","997.43463"
"1419","102.62538","1.1441993","-35.670033","-5.7364727E-05","-5.753708E-05","0.99999315","0","2","997.43463"
"1420","102.62538","1.1441993","-35.670033","-5.7364727E-05","-5.753708E-05","0.9999933","0","2","997.43463"
"1421","102.62538","1.1441993","-35.670033","-5.7364727E-05","-5.753708E-05","0.9999935","0","2","997.43463"
"1422","102.62538","1.1441993","-35.670033","-5.7364727E-05","-5.753708E-05","0.9999937","0","2","997.43463"
"1423","102.62538","1.1441993","-35.670033","-5.7364727E-05","-5.753708E-05","0.99999386","0","2","997.43463"
"1424","102.62538","1.1441993","-35.670033","-5.7364727E-05","-5.753708E-05","0.99999404","0","2","997.43463"
"1425","102.62538","1.1441993","-35.670033","-5.7364727E-05","-5.753708E-05","0.9999942","0","2","997.43463"
"1426","102.62538","1.1441993","-35.670033","-5.7364727E-05","-5.753708E-05","0.99999434","0","2","997.43463"
"1427","102.62538","1.1441993","-35.670033","-5.7364727E-05","-5.753708E-05","0.99999446","0","2","997.43463"
"1428","102.62538","1.1441993","-35.670033","-5.7364727E-05","-5.753708E-05","0.9999946","0","2","997.43463"
"1429","102.62538","1.1441993","-35.670033","-5.7364727E-05","-5.753708E-05","0.9999947","0","2","997.43463"
"1430","102.62538","1.1441993","-35.670033","-5.7364727E-05","-5.753708E-05","0.9999948","0","2","997.43463"
"1431","102.62538","1.1441993","-35.670033","-5.7364727E-05","-5.753708E-05","0.99999493","0","2","997.43463"
"1432","102.62538","1.1441993","-35.670033","-5.7364727E-05","-5.753708E-05","0.99999505","0","2","997.43463"
"1433","102.62538","1.1441993","-35.670033","-5.7364727E-05","-5.753708E-05","0.9999952","0","2","997.43463"
"1434","102.62538","1.1441993","-35.670033","-5.7364727E-05","-5.753708E-05","0.9999953","0","2","997.43463"
"1435","102.62538","1.1441993","-35.670033","-5.7364727E-05","-5.753708E-05","0.9999954","0","2","997.43463"
"1436","102.62538","1.1441993","-35.670033","-5.7364727E-05","-5.753708E-05","0.9999955","0","2","997.43463"
"1437","102.62538","1.1441993","-35.670033","-5.7364727E-05","-5.753708E-05","0.99999565","0","2","997.43463"
"1438","102.62538","1.1441993","-35.670033","-5.7364727E-05","-5.7537076E-05","0.99999577","0","2","997.43463"
"1439","102.62538","1.1441993","-35.670033","-5.7364723E-05","-5.753708E-05","0.9999959","0","2","997.43463"
"1440","102.62538","1.1441993","-35.670033","-5.7364727E-05","-5.753708E-05","0.999996","0","2","997.43463"
"1441","102.62538","1.1441993","-35.670033","-5.7364727E-05","-5.753708E-05","0.9999961","0","2","997.43463"
"1442","102.62538","1.1441993","-35.670033","-5.7364727E-05","-5.753708E-05","0.99999624","0","2","997.43463"
"1443","102.62538","1.1441993","-35.670033","-5.7364727E-05","-5.753708E-05","0.99999636","0","2","997.43463"
"1444","102.62538","1.1441993","-35.670033","-5.7364727E-05","-5.753708E-05","0.9999965","0","2","997.43463"
"1445","102.62538","1.1441993","-35.670033","-5.7364727E-05","-5.753708E-05","0.99999654","0","2","997.43463"
"1446","102.62538","1.1441993","-35.670033","-5.7364727E-05","-5.753708E-05","0.9999966","0","2","997.43463"
"1447","102.62538","1.1441993","-35.670033","-5.7364727E-05","-5.753708E-05","0.99999666","0","2","997.43463"
"1448","102.62538","1.1441993","-35.670033","-5.7364727E-05","-5.753708E-05","0.9999967","0","2","997.43463"
"1449","102.62538","1.1441993","-35.670033","-5.7364727E-05","-5.753708E-05","0.9999968","0","2","997.43463"
"1450","102.62538","1.1441993","-35.670033","-5.7364727E-05","-5.753708E-05","0.99999684","0","2","997.43463"
"1451","102.62538","1.1441993","-35.670033","-5.7364727E-05","-5.753708E-05","0.9999969","0","2","997.43463"
"1452","102.62538","1.1441993","-35.670033","-5.7364727E-05","-5.753708E-05","0.99999696","0","2","997.43463"
"1453","102.62538","1.1441993","-35.670033","-5.7364727E-05","-5.753708E-05","0.999997","0","2","997.43463"
"1454","102.62538","1.1441993","-35.670033","-5.7364727E-05","-5.753708E-05","0.9999971","0","2","997.43463"
"1455","102.62538","1.1441993","-35.670033","-5.7364727E-05","-5.753708E-05","0.99999714","0","2","997.43463"
"1456","102.62538","1.1441993","-35.670033","-5.7364727E-05","-5.753708E-05","0.9999972","0","2","997.43463"
"1457","102.62538","1.1441993","-35.670033","-5.7364727E-05","-5.753708E-05","0.99999726","0","2","997.43463"
"1458","102.62538","1.1441993","-35.670033","-5.7364727E-05","-5.753708E-05","0.9999973","0","2","997.43463"
"1459","102.62538","1.1441993","-35.670033","-5.7364727E-05","-5.753708E-05","0.9999974","0","2","997.43463"
"1460","102.62538","1.1441993","-35.670033","-5.7364727E-05","-5.753708E-05","0.99999744","0","2","997.43463"
"1461","102.62538","1.1441993","-35.670033","-5.7364727E-05","-5.753708E-05","0.9999975","0","2","997.43463"
"1462","102.62538","1.1441993","-35.670033","-5.7364727E-05","-5.753708E-05","0.99999756","0","2","997.43463"
"1463","102.62538","1.1441993","-35.670033","-5.7364727E-05","-5.753708E-05","0.9999976","0","2","997.43463"
"1464","102.62538","1.1441993","-35.670033","-5.7364727E-05","-5.753708E-05","0.9999977","0","2","997.43463"
"1465","102.62538","1.1441993","-35.670033","-5.7364727E-05","-5.753708E-05","0.99999774","0","2","997.43463"
"1466","102.62538","1.1441993","-35.670033","-5.7364727E-05","-5.753708E-05","0.9999978","0","2","997.43463"
"1467","102.62538","1.1441993","-35.670033","-5.7364727E-05","-5.753708E-05","0.99999785","0","2","997.43463"
"1468","102.62538","1.1441993","-35.670033","-5.7364727E-05","-5.753708E-05","0.9999979","0","2","997.43463"
"1469","102.62538","1.1441993","-35.670033","-5.7364727E-05","-5.7537076E-05","0.999998","0","2","997.43463"
"1470","102.62538","1.1441993","-35.670033","-5.7364723E-05","-5.753708E-05","0.99999803","0","2","997.43463"
"1471","102.62538","1.1441993","-35.670033","-5.7364727E-05","-5.753708E-05","0.9999981","0","2","997.43463"
"1472","102.62538","1.1441993","-35.670033","-5.7364727E-05","-5.753708E-05","0.99999815","0","2","997.43463"
"1473","102.62538","1.1441993","-35.670033","-5.7364727E-05","-5.753708E-05","0.9999982","0","2","997.43463"
"1474","102.62538","1.1441993","-35.670033","-5.7364727E-05","-5.753708E-05","0.9999983","0","2","997.43463"
"1475","102.62538","1.1441993","-35.670033","-5.7364727E-05","-5.753708E-05","0.99999833","0","2","997.43463"
"1476","102.62538","1.1441993","-35.670033","-5.7364727E-05","-5.753708E-05","0.9999984","0","2","997.43463"
"1477","102.62538","1.1441993","-35.670033","-5.7364727E-05","-5.753708E-05","0.99999845","0","2","997.43463"
"1478","102.62538","1.1441993","-35.670033","-5.7364727E-05","-5.753708E-05","0.9999985","0","2","997.43463"
"1479","102.62538","1.1441993","-35.670033","-5.7364727E-05","-5.753708E-05","0.99999857","0","2","997.43463"
"1480","102.62538","1.1441993","-35.670033","-5.7364727E-05","-5.753708E-05","0.9999986","0","2","997.43463"
"1481","102.62538","1.1441993","-35.670033","-5.7364727E-05","-5.753708E-05","0.9999987","0","2","997.43463"
"1482","102.62538","1.1441993","-35.670033","-5.7364727E-05","-5.753708E-05","0.99999875","0","2","997.43463"
"1483","102.62538","1.1441993","-35.670033","-5.7364727E-05","-5.753708E-05","0.9999988","0","2","997.43463"
"1484","102.62538","1.1441993","-35.670033","-5.7364727E-05","-5.753708E-05","0.99999887","0","2","997.43463"
"1485","102.62538","1.1441993","-35.670033","-5.7364727E-05","-5.753708E-05","0.99999887","0","2","997.43463"
"1486","102.62538","1.1441993","-35.670033","-5.7364727E-05","-5.753708E-05","0.99999887","0","2","997.43463"
"1487","102.62538","1.1441993","-35.670033","-5.7364727E-05","-5.753708E-05","0.99999887","0","2","997.43463"
"1488","102.62538","1.1441993","-35.670033","-5.7364727E-05","-5.753708E-05","0.99999887","0","2","997.43463"
"1489","102.62538","1.1441993","-35.670033","-5.7364727E-05","-5.753708E-05","0.99999887","0","2","997.43463"
"1490","102.62538","1.1441993","-35.670033","-5.7364727E-05","-5.753708E-05","0.99999887","0","2","997.43463"
"1491","102.62538","1.1441993","-35.670033","-5.7364727E-05","-5.753708E-05","0.99999887","0","2","997.43463"
"1492","102.62538","1.1441993","-35.670033","-5.7364727E-05","-5.753708E-05","0.99999887","0","2","997.43463"
"1493","102.62538","1.1441993","-35.670033","-5.7364727E-05","-5.753708E-05","0.99999887","0","2","997.43463"
"1494","102.62538","1.1441993","-35.670033","-5.7364727E-05","-5.753708E-05","0.99999887","0","2","997.43463"
"1495","102.62538","1.1441993","-35.670033","-5.7364727E-05","-5.753708E-05","0.99999887","0","2","997.43463"
"1496","102.62538","1.1441993","-35.670033","-5.7364727E-05","-5.753708E-05","0.99999887","0","2","997.43463"
"1497","102.62538","1.1441993","-35.670033","-5.7364727E-05","-5.753708E-05","0.99999887","0","2","997.43463"
"1498","102.62538","1.1441993","-35.670033","-5.7364727E-05","-5.753708E-05","0.99999887","0","2","997.43463"
"1499","102.62538","1.1441993","-35.670033","-5.7364727E-05","-5.753708E-05","0.99999887","0","2","997.43463"
"1500","102.62538","1.1441993","-35.670033","-5.7364727E-05","-5.753708E-05","0.99999887","0","2","997.43463"
"1501","102.62538","1.1441993","-35.670033","-5.7364727E-05","-5.753708E-05","0.99999887","0","2","997.43463"
"1502","102.62538","1.1441993","-35.670033","-5.7364727E-05","-5.753708E-05","0.99999887","0","2","997.43463"
"1503","102.62538","1.1441993","-35.670033","-5.7364727E-05","-5.753708E-05","0.99999887","0","2","997.43463"
"1504","102.62538","1.1441993","-35.670033","-5.7364727E-05","-5.753708E-05","0.99999887","0","2","997.43463"
"1505","102.62538","1.1441993","-35.670033","-5.7364727E-05","-5.753708E-05","0.99999887","0","2","997.43463"
"1506","102.62538","1.1441993","-35.670033","-5.7364727E-05","-5.753708E-05","0.99999887","0","2","997.43463"
"1507","102.62538","1.1441993","-35.670033","-5.7364727E-05","-5.753708E-05","0.99999887","0","2","997.43463"
"1508","102.62538","1.1441993","-35.670033","-5.7364727E-05","-5.753708E-05","0.99999887","0","2","997.43463"
"1509","102.62538","1.1441993","-35.670033","-5.7364727E-05","-5.753708E-05","0.99999887","0","2","997.43463"
"1510","102.62538","1.1441993","-35.670033","-5.7364727E-05","-5.753708E-05","0.99999887","0","2","997.43463"
"1511","102.62538","1.1441993","-35.670033","-5.7364727E-05","-5.753708E-05","0.99999887","0","2","997.43463"
"1512","102.62538","1.1441993","-35.670033","-5.7364727E-05","-5.753708E-05","0.99999887","0","2","997.43463"
"1513","102.62538","1.1441993","-35.670033","-5.7364727E-05","-5.753708E-05","0.99999887","0","2","997.43463"
"1514","102.62538","1.1441993","-35.670033","-5.7364727E-05","-5.753708E-05","0.99999887","0","2","997.43463"
"1515","102.62538","1.1441993","-35.670033","-5.7364727E-05","-5.753708E-05","0.99999887","0","2","997.43463"
"1516","102.62538","1.1441993","-35.670033","-5.7364727E-05","-5.753708E-05","0.99999887","0","2","997.43463"
"1517","102.62538","1.1441993","-35.670033","-5.7364727E-05","-5.753708E-05","0.99999887","0","2","997.43463"
"1518","102.62538","1.1441993","-35.670033","-5.7364727E-05","-5.753708E-05","0.99999887","0","2","997.43463"
"1519","102.62538","1.1441993","-35.670033","-5.7364727E-05","-5.753708E-05","0.99999887","0","2","997.43463"
"1520","102.62538","1.1441993","-35.670033","-5.7364727E-05","-5.753708E-05","0.99999887","0","2","997.43463"
"1521","102.62538","1.1441993","-35.670033","-5.7364727E-05","-5.753708E-05","0.99999887","0","2","997.43463"
"1522","102.62538","1.1441993","-35.670033","-5.7364727E-05","-5.753708E-05","0.99999887","0","2","997.43463"
"1523","102.62538","1.1441993","-35.670033","-5.7364727E-05","-5.753708E-05","0.99999887","0","2","997.43463"
"1524","102.62538","1.1441993","-35.670033","-5.7364727E-05","-5.753708E-05","0.99999887","0","2","997.43463"
"1525","102.62538","1.1441993","-35.670033","-5.7364727E-05","-5.753708E-05","0.99999887","0","2","997.43463"
"1526","102.62538","1.1441993","-35.670033","-5.7364727E-05","-5.753708E-05","0.99999887","0","2","997.43463"
"1527","102.62538","1.1441993","-35.670033","-5.7364727E-05","-5.753708E-05","0.99999887","0","2","997.43463"
"1528","102.62538","1.1441993","-35.670033","-5.7364727E-05","-5.753708E-05","0.99999887","0","2","997.43463"
"1529","102.62538","1.1441993","-35.670033","-5.7364727E-05","-5.753708E-05","0.99999887","0","2","997.43463"
"1530","102.62538","1.1441993","-35.670033","-5.7364727E-05","-5.753708E-05","0.99999887","0","2","997.43463"
"1531","102.62538","1.1441993","-35.670033","-5.7364727E-05","-5.753708E-05","0.99999887","0","2","997.43463"
"1532","102.62538","1.1441993","-35.670033","-5.7364727E-05","-5.753708E-05","0.99999887","0","2","997.43463"
"1533","102.62538","1.1441993","-35.670033","-5.7364727E-05","-5.753708E-05","0.99999887","0","2","997.43463"
"1534","102.62538","1.1441993","-35.670033","-5.7364727E-05","-5.753708E-05","0.99999887","0","2","997.43463"
"1535","102.62538","1.1441993","-35.670033","-5.7364727E-05","-5.753708E-05","0.99999887","0","2","997.43463"
"1536","102.62538","1.1441993","-35.670033","-5.7364727E-05","-5.753708E-05","0.99999887","0","2","997.43463"
"1537","102.62538","1.1441993","-35.670033","-5.7364727E-05","-5.753708E-05","0.99999887","0","2","997.43463"
"1538","102.62538","1.1441993","-35.670033","-5.7364727E-05","-5.753708E-05","0.99999887","0","2","997.43463"
"1539","102.62538","1.1441993","-35.670033","-5.7364727E-05","-5.753708E-05","0.99999887","0","2","997.43463"
"1540","102.62538","1.1441993","-35.670033","-5.7364727E-05","-5.753708E-05","0.99999887","0","2","997.43463"
"1541","102.62538","1.1441993","-35.670033","-5.7364727E-05","-5.753708E-05","0.99999887","0","2","997.43463"
"1542","102.62538","1.1441993","-35.670033","-5.7364727E-05","-5.753708E-05","0.99999887","0","2","997.43463"
"1543","102.62538","1.1441993","-35.670033","-5.7364727E-05","-5.753708E-05","0.99999887","0","2","997.43463"
"1544","102.62538","1.1441993","-35.670033","-5.7364727E-05","-5.753708E-05","0.99999887","0","2","997.43463"
"1545","102.62538","1.1441993","-35.670033","-5.7364727E-05","-5.753708E-05","0.99999887","0","2","997.43463"
"1546","102.62538","1.1441993","-35.670033","-5.7364727E-05","-5.753708E-05","0.99999887","0","2","997.43463"
"1547","102.62538","1.1441993","-35.670033","-5.7364727E-05","-5.753708E-05","0.99999887","0","2","997.43463"
"1548","102.62538","1.1441993","-35.670033","-5.7364727E-05","-5.753708E-05","0.99999887","0","2","997.43463"
"1549","102.62538","1.1441993","-35.670033","-5.7364727E-05","-5.753708E-05","0.99999887","0","2","997.43463"
"1550","102.62538","1.1441993","-35.670033","-5.7364727E-05","-5.753708E-05","0.99999887","0","2","997.43463"
"1551","102.62538","1.1441993","-35.670033","-5.7364727E-05","-5.753708E-05","0.99999887","0","2","997.43463"
"1552","102.62538","1.1441993","-35.670033","-5.7364727E-05","-5.753708E-05","0.99999887","0","2","997.43463"
"1553","102.62538","1.1441993","-35.670033","-5.7364727E-05","-5.753708E-05","0.99999887","0","2","997.43463"
"1554","102.62538","1.1441993","-35.670033","-5.7364727E-05","-5.753708E-05","0.99999887","0","2","997.43463"
"1555","102.62538","1.1441993","-35.670033","-5.7364727E-05","-5.753708E-05","0.99999887","0","2","997.43463"
"1556","102.62538","1.1441993","-35.670033","-5.7364727E-05","-5.753708E-05","0.99999887","0","2","997.43463"
"1557","102.62538","1.1441993","-35.670033","-5.7364727E-05","-5.753708E-05","0.99999887","0","2","997.43463"
"1558","102.62538","1.1441993","-35.670033","-5.7364727E-05","-5.753708E-05","0.99999887","0","2","997.43463"
"1559","102.62538","1.1441993","-35.670033","-5.7364727E-05","-5.753708E-05","0.99999887","0","2","997.43463"
"1560","102.62538","1.1441993","-35.670033","-5.7364727E-05","-5.753708E-05","0.99999887","0","2","997.43463"
