"tick","x","y","z","vx","vy","vz","contacts","hp"
"361","102.62538","1.1447242","-35.670033","-7.986086E-05","1.1563385E-05","5.7373905E-05","2","997.43463"
"362","102.62538","1.1447245","-35.670033","-7.9873935E-05","1.1190856E-05","5.737576E-05","2","997.43463"
"363","102.62538","1.144725","-35.670033","-7.9899226E-05","2.5674784E-05","5.7380432E-05","2","997.43463"
"364","102.62538","1.1447259","-35.670033","-7.993516E-05","5.7473862E-05","5.7389603E-05","2","997.43463"
"365","102.62538","1.1447268","-35.670033","-7.997339E-05","5.002328E-05","5.7388443E-05","2","997.43463"
"366","102.62538","1.1447269","-35.670033","-8.001259E-05","7.9126E-06","5.7373825E-05","2","997.43463"
"367","102.62538","1.1447258","-35.670033","-8.000463E-05","-6.1765226E-05","5.7350262E-05","2","997.43463"
"368","102.62538","1.1447233","-35.670033","-8.000733E-05","-0.00015284112","5.7328612E-05","2","997.43463"
"369","102.62538","1.144719","-35.670033","-8.0073485E-05","-0.000259146","5.729403E-05","2","997.43463"
"370","102.62538","1.1447127","-35.670033","-8.013392E-05","-0.00037552408","5.7253623E-05","2","997.43463"
"371","102.62538","1.1447043","-35.670033","-8.012847E-05","-0.0004972964","5.7214675E-05","2","997.43463"
"372","102.62538","1.144694","-35.670033","-8.0134545E-05","-0.0006204098","5.718071E-05","2","997.43463"
"373","102.62538","1.1446816","-35.670033","-8.021827E-05","-0.00074201816","5.7140216E-05","2","997.43463"
"374","102.62538","1.1446673","-35.670033","-8.0221E-05","-0.0008595734","5.7107944E-05","2","997.43463"
"375","102.62538","1.144651","-35.670033","-8.0234146E-05","-0.00097130233","5.706881E-05","2","997.43463"
"376","102.62538","1.1446332","-35.670033","-8.0332604E-05","-0.0010756104","5.7033896E-05","2","997.43463"
"377","102.62538","1.1446136","-35.670033","-8.033782E-05","-0.0011715292","5.700672E-05","2","997.43463"
"378","102.62538","1.1445926","-35.670033","-8.043636E-05","-0.0012586116","5.6975983E-05","2","997.43463"
"379","102.62538","1.1445704","-35.670033","-8.052202E-05","-0.0013363658","5.6956545E-05","2","997.43463"
"380","102.62538","1.144547","-35.670033","-8.059829E-05","-0.0014047622","5.6929704E-05","2","997.43463"
"381","102.62538","1.1445225","-35.670033","-8.066764E-05","-0.0014637558","5.6914025E-05","2","997.43463"
"382","102.62538","1.1444973","-35.670033","-8.063864E-05","-0.0015136598","5.6901972E-05","2","997.43463"
"383","102.62538","1.1444714","-35.670033","-8.072468E-05","-0.001554638","5.6882443E-05","2","997.43463"
"384","102.62538","1.144445","-35.670033","-8.0800426E-05","-0.0015873014","5.6870165E-05","2","997.43463"
"385","102.62538","1.1444181","-35.670033","-8.086848E-05","-0.0016117393","5.6865283E-05","2","997.43463"
"386","102.62538","1.144391","-35.670033","-8.0930615E-05","-0.0016287117","5.686761E-05","2","997.43463"
"387","102.62538","1.1443636","-35.670033","-8.0988044E-05","-0.0016384869","5.6855006E-05","2","997.43463"
"388","102.62538","1.1443362","-35.670033","-8.1148006E-05","-0.0016416012","5.6857083E-05","2","997.43463"
"389","102.62538","1.1443089","-35.670033","-8.116914E-05","-0.0016387402","5.6858964E-05","2","997.43463"
"390","102.62538","1.1442817","-35.670033","-8.119552E-05","-0.0016303061","5.6860714E-05","2","997.43463"
"391","102.62538","1.1442548","-35.670033","-8.12252E-05","-0.0016167163","5.6869772E-05","2","997.43463"
"392","102.62538","1.1442282","-35.670033","-8.125668E-05","-0.0015984921","5.687867E-05","2","997.43463"
"393","102.62538","1.144202","-35.670033","-8.1404396E-05","-0.0015761106","5.6872566E-05","2","997.43463"
"394","102.62538","1.1441761","-35.670033","-8.1522216E-05","-0.0015500336","5.6881174E-05","2","997.43463"
"395","102.62538","1.1441507","-35.670033","-8.149881E-05","-0.001520574","5.689712E-05","2","997.43463"
"396","102.62538","1.1441259","-35.670033","-8.160992E-05","-0.0014881192","5.690552E-05","2","997.43463"
"397","102.62538","1.1441017","-35.670033","-8.1699254E-05","-0.0014530121","5.6921235E-05","2","997.43463"
"398","102.62538","1.1440781","-35.670033","-8.177204E-05","-0.0014156847","5.6936824E-05","2","997.43463"
"399","102.62538","1.1440552","-35.670033","-8.183204E-05","-0.0013763307","5.69375E-05","2","997.43463"
"400","102.62538","1.144033","-35.670033","-8.188217E-05","-0.001335442","5.6952875E-05","2","997.43463"
"401","102.62538","1.1440114","-35.670033","-8.19245E-05","-0.0012931823","5.6968194E-05","2","997.43463"
"402","102.62538","1.1439905","-35.670033","-8.1960425E-05","-0.0012497007","5.698348E-05","2","997.43463"
"403","102.62538","1.1439704","-35.670033","-8.2121376E-05","-0.0012054442","5.6983765E-05","2","997.43463"
"404","102.62538","1.143951","-35.670033","-8.2243416E-05","-0.0011603533","5.6998928E-05","2","997.43463"
"405","102.62538","1.1439325","-35.670033","-8.22036E-05","-0.0011148303","5.7028818E-05","2","997.43463"
"406","102.62538","1.1439147","-35.670033","-8.2176935E-05","-0.0010690241","5.7028952E-05","2","997.43463"
"407","102.62538","1.1438977","-35.670033","-8.22946E-05","-0.001023054","5.7051333E-05","2","997.43463"
"408","102.62538","1.1438813","-35.670033","-8.2246E-05","-0.0009771882","5.7066194E-05","2","997.43463"
"409","102.62538","1.1438658","-35.670033","-8.221092E-05","-0.0009314417","5.708106E-05","2","997.43463"
"410","102.62538","1.143851","-35.670033","-8.232368E-05","-0.000885874","5.7081048E-05","2","997.43463"
"411","102.62538","1.143837","-35.670033","-8.24058E-05","-0.00084072346","5.709581E-05","2","997.43463"
"412","102.62538","1.1438237","-35.670033","-8.26057E-05","-0.0007961392","5.7110537E-05","2","997.43463"
"413","102.62538","1.1438112","-35.670033","-8.260929E-05","-0.00075204665","5.712528E-05","2","997.43463"
"414","102.62538","1.1437994","-35.670033","-8.275265E-05","-0.00070865446","5.7139958E-05","2","997.43463"
"415","102.62538","1.1437883","-35.670033","-8.285562E-05","-0.00066585833","5.7154662E-05","2","997.43463"
"416","102.62538","1.143778","-35.670033","-8.2927945E-05","-0.00062392646","5.7169294E-05","2","997.43463"
"417","102.62538","1.1437683","-35.670033","-8.283221E-05","-0.00058278436","5.7183934E-05","2","997.43463"
"418","102.62538","1.1437593","-35.670033","-8.2904E-05","-0.0005426257","5.7183668E-05","2","997.43463"
"419","102.62538","1.1437509","-35.670033","-8.295184E-05","-0.00050330156","5.7198304E-05","2","997.43463"
"420","102.62538","1.1437432","-35.670033","-8.298166E-05","-0.00046472243","5.721296E-05","2","997.43463"
"421","102.62538","1.143736","-35.670033","-8.314657E-05","-0.0004272162","5.7227517E-05","2","997.43463"
"422","102.62538","1.1437294","-35.670033","-8.326153E-05","-0.00039064875","5.7242112E-05","2","997.43463"
"423","102.62538","1.1437235","-35.670033","-8.33393E-05","-0.00035500518","5.7249283E-05","2","997.43463"
"424","102.62538","1.1437181","-35.670033","-8.3389255E-05","-0.0003204792","5.7263824E-05","2","997.43463"
"425","102.62538","1.1437134","-35.670033","-8.34183E-05","-0.00028702608","5.7270943E-05","2","997.43463"
"426","102.62538","1.1437091","-35.670033","-8.343151E-05","-0.00025467566","5.7285488E-05","2","997.43463"
"427","102.62538","1.1437054","-35.670033","-8.3432766E-05","-0.0002231001","5.730013E-05","2","997.43463"
"428","102.62538","1.1437021","-35.670033","-8.342471E-05","-0.00019276133","5.73072E-05","2","997.43463"
"429","102.62538","1.1436994","-35.670033","-8.3409104E-05","-0.00016352526","5.7314308E-05","2","997.43463"
"430","102.62538","1.1436971","-35.670033","-8.354246E-05","-0.00013524285","5.7328896E-05","2","997.43463"
"431","102.62538","1.1436954","-35.670033","-8.362978E-05","-0.00010788432","5.7321202E-05","2","997.43463"
"432","102.62538","1.143694","-35.670033","-8.3682855E-05","-8.159867E-05","5.7328318E-05","2","997.43463"
"433","102.62538","1.1436931","-35.670033","-8.355401E-05","-5.6356108E-05","5.7342877E-05","2","997.43463"
"434","102.62538","1.1436926","-35.670033","-8.344787E-05","-3.214172E-05","5.735E-05","2","997.43463"
"435","102.62538","1.1436925","-35.670033","-8.35151E-05","-8.776699E-06","5.7357185E-05","2","997.43463"
"436","102.62538","1.1436927","-35.670033","-8.370957E-05","1.3768758E-05","5.7364377E-05","2","997.43463"
"437","102.62538","1.1436933","-35.670033","-8.383898E-05","3.524133E-05","5.7371493E-05","2","997.43463"
"438","102.62538","1.1436943","-35.670033","-8.376126E-05","5.5715525E-05","5.7378627E-05","2","997.43463"
"439","102.62538","1.1436956","-35.670033","-8.385042E-05","7.539996E-05","5.7385823E-05","2","997.43463"
"440","102.62538","1.1436971","-35.670033","-8.3741026E-05","9.411582E-05","5.7392965E-05","2","997.43463"
"441","102.62538","1.143699","-35.670033","-8.380687E-05","0.00011196741","5.7400142E-05","2","997.43463"
"442","102.62538","1.1437012","-35.670033","-8.384022E-05","0.00012904414","5.7407342E-05","2","997.43463"
"443","102.62538","1.1437036","-35.670033","-8.384913E-05","0.0001452566","5.741452E-05","2","997.43463"
"444","102.62538","1.1437062","-35.670033","-8.3840045E-05","0.00016076872","5.7414312E-05","2","997.43463"
"445","102.62538","1.1437092","-35.670033","-8.3979445E-05","0.00017540166","5.7421476E-05","2","997.43463"
"446","102.62538","1.1437123","-35.670033","-8.406512E-05","0.00018931934","5.7428693E-05","2","997.43463"
"447","102.62538","1.1437156","-35.670033","-8.394802E-05","0.00020261118","5.742851E-05","2","997.43463"
"448","102.62538","1.1437192","-35.670033","-8.400843E-05","0.00021503874","5.743568E-05","2","997.43463"
"449","102.62538","1.143723","-35.670033","-8.4035244E-05","0.00022678086","5.7442907E-05","2","997.43463"
"450","102.62538","1.143727","-35.670033","-8.403717E-05","0.00023776302","5.744268E-05","2","997.43463"
"451","102.62538","1.1437311","-35.670033","-8.418524E-05","0.00024831304","5.743512E-05","2","997.43463"
"452","102.62538","1.1437354","-35.670033","-8.427553E-05","0.0002581478","5.7434903E-05","2","997.43463"
"453","102.62538","1.1437398","-35.670033","-8.415806E-05","0.00026735672","5.744215E-05","2","997.43463"
"454","102.62538","1.1437445","-35.670033","-8.40529E-05","0.0002759398","5.7441965E-05","2","997.43463"
"455","102.62538","1.1437492","-35.670033","-8.4122E-05","0.0002839119","5.74492E-05","2","997.43463"
"456","102.62538","1.1437541","-35.670033","-8.415385E-05","0.00029125818","5.7449015E-05","2","997.43463"
"457","102.62538","1.1437591","-35.670033","-8.432408E-05","0.00029818722","5.7456324E-05","2","997.43463"
"458","102.62538","1.1437643","-35.670033","-8.426189E-05","0.0003044457","5.7456113E-05","2","997.43463"
"459","102.62538","1.1437694","-35.670033","-8.419597E-05","0.00031027207","5.7455985E-05","2","997.43463"
"460","102.62538","1.1437746","-35.670033","-8.4294414E-05","0.0003156961","5.7455865E-05","2","997.43463"
"461","102.62538","1.14378","-35.670033","-8.434569E-05","0.00032071778","5.746317E-05","2","997.43463"
"462","102.62538","1.1437854","-35.670033","-8.436242E-05","0.00032530734","5.746304E-05","2","997.43463"
"463","102.62538","1.1437908","-35.670033","-8.435355E-05","0.00032947966","5.7462916E-05","2","997.43463"
"464","102.62538","1.1437964","-35.670033","-8.432586E-05","0.00033311555","5.7470177E-05","2","997.43463"
"465","102.62538","1.143802","-35.670033","-8.428401E-05","0.0003364236","5.747008E-05","2","997.43463"
"466","102.62538","1.1438076","-35.670033","-8.439973E-05","0.00033931443","5.746995E-05","2","997.43463"
"467","102.62538","1.1438134","-35.670033","-8.44626E-05","0.00034181782","5.746983E-05","2","997.43463"
"468","102.62538","1.1438191","-35.670033","-8.448653E-05","0.0003439487","5.746972E-05","2","997.43463"
"469","102.62538","1.1438248","-35.670033","-8.448132E-05","0.00034576663","5.7469617E-05","2","997.43463"
"470","102.62538","1.1438307","-35.670033","-8.462479E-05","0.00034727165","5.7476947E-05","2","997.43463"
"471","102.62538","1.1438365","-35.670033","-8.453706E-05","0.00034852335","5.747687E-05","2","997.43463"
"472","102.62538","1.1438423","-35.670033","-8.445006E-05","0.00034949192","5.7476787E-05","2","997.43463"
"473","102.62538","1.1438482","-35.670033","-8.436269E-05","0.00035023698","5.747672E-05","2","997.43463"
"474","102.62538","1.143854","-35.670033","-8.444544E-05","0.0003505052","5.747657E-05","2","997.43463"
"475","102.62538","1.1438599","-35.670033","-8.4482475E-05","0.0003504903","5.7476478E-05","2","997.43463"
"476","102.62538","1.1438657","-35.670033","-8.448566E-05","0.000350386","5.747645E-05","2","997.43463"
"477","102.62538","1.1438715","-35.670033","-8.4464366E-05","0.00035002836","5.747637E-05","2","997.43463"
"478","102.62538","1.1438774","-35.670033","-8.442458E-05","0.000349328","5.7476267E-05","2","997.43463"
"479","102.62538","1.1438832","-35.670033","-8.454218E-05","0.00034853825","5.7476234E-05","2","997.43463"
"480","102.62538","1.1438891","-35.670033","-8.460409E-05","0.00034737596","5.7476114E-05","2","997.43463"
"481","102.62538","1.1438948","-35.670033","-8.462495E-05","0.00034645209","5.747619E-05","2","997.43463"
"482","102.62538","1.1439005","-35.670033","-8.461546E-05","0.00034515568","5.747607E-05","2","997.43463"
"483","102.62538","1.1439062","-35.670033","-8.475569E-05","0.00034371027","5.7476023E-05","2","997.43463"
"484","102.62538","1.143912","-35.670033","-8.466122E-05","0.00034204134","5.747595E-05","2","997.43463"
"485","102.62538","1.1439177","-35.670033","-8.4567095E-05","0.0003402979","5.747593E-05","2","997.43463"
"486","102.62538","1.1439233","-35.670033","-8.464447E-05","0.00033833095","5.7475856E-05","2","997.43463"
"487","102.62538","1.1439289","-35.670033","-8.4675965E-05","0.0003362001","5.7475805E-05","2","997.43463"
"488","102.62538","1.1439345","-35.670033","-8.4673804E-05","0.00033403942","5.747579E-05","2","997.43463"
"489","102.62538","1.14394","-35.670033","-8.48195E-05","0.00033167013","5.747573E-05","2","997.43463"
"490","102.62538","1.1439455","-35.670033","-8.490066E-05","0.00032927105","5.747571E-05","2","997.43463"
"491","102.62538","1.1439509","-35.670033","-8.476111E-05","0.00032664844","5.7475638E-05","2","997.43463"
"492","102.62538","1.1439563","-35.670033","-8.463295E-05","0.00032418975","5.747569E-05","2","997.43463"
"493","102.62538","1.1439617","-35.670033","-8.468597E-05","0.00032141813","5.7475583E-05","2","997.43463"
"494","102.62538","1.143967","-35.670033","-8.4698804E-05","0.00031863162","5.746815E-05","2","997.43463"
"495","102.62538","1.1439723","-35.670033","-8.468158E-05","0.0003156961","5.74681E-05","2","997.43463"
"496","102.62538","1.1439775","-35.670033","-8.4642335E-05","0.00031280526","5.7468114E-05","2","997.43463"
"497","102.62538","1.1439826","-35.670033","-8.458701E-05","0.00030978033","5.7468063E-05","2","997.43463"
"498","102.62538","1.1439878","-35.670033","-8.4693624E-05","0.0003066958","5.7468053E-05","2","997.43463"
"499","102.62538","1.1439928","-35.670033","-8.474496E-05","0.00030368575","5.745321E-05","2","997.43463"
"500","102.62538","1.1439978","-35.670033","-8.4581865E-05","0.0003005565","5.745317E-05","2","997.43463"
"501","102.62538","1.1440028","-35.670033","-8.478336E-05","0.00029738256","5.745315E-05","2","997.43463"
"502","102.62538","1.1440077","-35.670033","-8.4904095E-05","0.0002941341","5.7453126E-05","2","997.43463"
"503","102.62538","1.1440126","-35.670033","-8.479129E-05","0.00029076645","5.7453086E-05","2","997.43463"
"504","102.62538","1.1440173","-35.670033","-8.468117E-05","0.00028730938","5.7445628E-05","2","997.43463"
"505","102.62538","1.1440221","-35.670033","-8.474755E-05","0.0002838374","5.7445613E-05","2","997.43463"
"506","102.62538","1.1440268","-35.670033","-8.459442E-05","0.00028048464","5.7445654E-05","2","997.43463"
"507","102.62538","1.1440314","-35.670033","-8.4629435E-05","0.00027707228","5.744563E-05","2","997.43463"
"508","102.62538","1.1440359","-35.670033","-8.46279E-05","0.00027380892","5.7445675E-05","2","997.43463"
"509","102.62538","1.1440405","-35.670033","-8.459927E-05","0.00027032205","5.74456E-05","2","997.43463"
"510","102.62538","1.1440449","-35.670033","-8.4725485E-05","0.0002668948","5.7445617E-05","2","997.43463"
"511","102.62538","1.1440493","-35.670033","-8.479015E-05","0.00026342281","5.7445595E-05","2","997.43463"
"512","102.62538","1.1440536","-35.670033","-8.463473E-05","0.00026009986","5.7445643E-05","2","997.43463"
"513","102.62538","1.1440579","-35.670033","-8.46686E-05","0.0002566577","5.7438174E-05","2","997.43463"
"514","102.62538","1.144062","-35.670033","-8.466556E-05","0.0002530963","5.7438134E-05","2","997.43463"
"515","102.62538","1.1440662","-35.670033","-8.466431E-05","0.00024993726","5.7438254E-05","2","997.43463"
"516","102.62538","1.1440703","-35.670033","-8.466413E-05","0.0002464951","5.7438167E-05","2","997.43463"
"517","102.62538","1.1440743","-35.670033","-8.4665255E-05","0.00024256119","5.7438006E-05","2","997.43463"
"518","102.62538","1.1440783","-35.670033","-8.4666644E-05","0.00023795673","5.7437792E-05","2","997.43463"
"519","102.62538","1.1440822","-35.670033","-8.466857E-05","0.00023268172","5.743758E-05","2","997.43463"
"520","102.62538","1.144086","-35.670033","-8.467113E-05","0.00022681066","5.7429956E-05","2","997.43463"
"521","102.62538","1.1440897","-35.670033","-8.467373E-05","0.00022043296","5.7429792E-05","2","997.43463"
"522","102.62538","1.1440933","-35.670033","-8.464663E-05","0.00021328041","5.7429545E-05","2","997.43463"
"523","102.62538","1.1440967","-35.670033","-8.4598345E-05","0.00020615765","5.7429548E-05","2","997.43463"
"524","102.62538","1.1441001","-35.670033","-8.456343E-05","0.00019980976","5.7422352E-05","2","997.43463"
"525","102.62538","1.1441033","-35.670033","-8.453844E-05","0.00019373008","5.742243E-05","2","997.43463"
"526","102.62538","1.1441064","-35.670033","-8.4520936E-05","0.00018775472","5.7422458E-05","2","997.43463"
"527","102.62538","1.1441094","-35.670033","-8.465483E-05","0.00018133232","5.7422316E-05","2","997.43463"
"528","102.62538","1.1441123","-35.670033","-8.454862E-05","0.00017534205","5.7415014E-05","2","997.43463"
"529","102.62538","1.1441152","-35.670033","-8.447159E-05","0.00017012664","5.7415255E-05","2","997.43463"
"530","102.62538","1.144118","-35.670033","-8.441581E-05","0.00016529867","5.7415367E-05","2","997.43463"
"531","102.62538","1.1441206","-35.670033","-8.437537E-05","0.0001605899","5.74154E-05","2","997.43463"
"532","102.62538","1.1441232","-35.670033","-8.4346524E-05","0.00015579173","5.741537E-05","2","997.43463"
"533","102.62538","1.1441257","-35.670033","-8.432552E-05","0.00015091905","5.7407913E-05","2","997.43463"
"534","102.62538","1.1441281","-35.670033","-8.445734E-05","0.00014555463","5.7407753E-05","2","997.43463"
"535","102.62538","1.1441305","-35.670033","-8.4554566E-05","0.00014075646","5.7407928E-05","2","997.43463"
"536","102.62538","1.1441327","-35.670033","-8.462645E-05","0.0001361371","5.740798E-05","2","997.43463"
"537","102.62538","1.1441349","-35.670033","-8.465018E-05","0.00013135382","5.7407924E-05","2","997.43463"
"538","102.62538","1.144137","-35.670033","-8.466789E-05","0.0001272262","5.74007E-05","2","997.43463"
"539","102.62538","1.144139","-35.670033","-8.468134E-05","0.0001233519","5.740077E-05","2","997.43463"
"540","102.62538","1.1441411","-35.670033","-8.469151E-05","0.000119567005","5.74008E-05","2","997.43463"
"541","102.62538","1.144143","-35.670033","-8.469962E-05","0.00011576721","5.7400794E-05","2","997.43463"
"542","102.62538","1.1441449","-35.670033","-8.485277E-05","0.000111341564","5.7400586E-05","2","997.43463"
"543","102.62538","1.1441467","-35.670033","-8.496586E-05","0.000107497064","5.7400768E-05","2","997.43463"
"544","102.62538","1.1441485","-35.670033","-8.504937E-05","0.00010393569","5.7393427E-05","2","997.43463"
"545","102.62538","1.1441501","-35.670033","-8.5111446E-05","0.00010052332","5.739347E-05","2","997.43463"
"546","102.62538","1.1441518","-35.670033","-8.495116E-05","9.691724E-05","5.7393405E-05","2","997.43463"
"547","102.62538","1.1441534","-35.670033","-8.483442E-05","9.38774E-05","5.7393576E-05","2","997.43463"
"548","102.62538","1.1441549","-35.670033","-8.474883E-05","9.113559E-05","5.7393667E-05","2","997.43463"
"549","102.62538","1.1441563","-35.670033","-8.468631E-05","8.843848E-05","5.739368E-05","2","997.43463"
"550","102.62538","1.1441578","-35.670033","-8.464079E-05","8.574137E-05","5.739368E-05","2","997.43463"
"551","102.62538","1.1441592","-35.670033","-8.460765E-05","8.2999555E-05","5.738623E-05","2","997.43463"
"552","102.62538","1.1441605","-35.670033","-8.473063E-05","7.9646794E-05","5.7386038E-05","2","997.43463"
"553","102.62538","1.1441618","-35.670033","-8.482128E-05","7.6964585E-05","5.738625E-05","2","997.43463"
"554","102.62538","1.144163","-35.670033","-8.488802E-05","7.450589E-05","5.7386314E-05","2","997.43463"
"555","102.62538","1.1441642","-35.670033","-8.493735E-05","7.2226016E-05","5.7386365E-05","2","997.43463"
"556","102.62538","1.1441654","-35.670033","-8.497396E-05","6.994614E-05","5.7386365E-05","2","997.43463"
"557","102.62538","1.1441665","-35.670033","-8.500102E-05","6.763646E-05","5.738635E-05","2","997.43463"
"558","102.62538","1.1441675","-35.670033","-8.499135E-05","6.508836E-05","5.738627E-05","2","997.43463"
"559","102.62538","1.1441686","-35.670033","-8.498456E-05","6.3091604E-05","5.7386445E-05","2","997.43463"
"560","102.62538","1.1441697","-35.670033","-8.498005E-05","6.133327E-05","5.7386518E-05","2","997.43463"
"561","102.62538","1.1441706","-35.670033","-8.497724E-05","5.9619633E-05","5.7379104E-05","2","997.43463"
"562","102.62538","1.1441716","-35.670033","-8.497545E-05","5.7906E-05","5.73791E-05","2","997.43463"
"563","102.62538","1.1441725","-35.670033","-8.4974316E-05","5.6162564E-05","5.7379093E-05","2","997.43463"
"564","102.62538","1.1441735","-35.670033","-8.497388E-05","5.4359523E-05","5.7379075E-05","2","997.43463"
"565","102.62538","1.1441743","-35.670033","-8.4973835E-05","5.2452175E-05","5.737904E-05","2","997.43463"
"566","102.62538","1.1441752","-35.670033","-8.494363E-05","5.0142495E-05","5.7378908E-05","2","997.43463"
"567","102.62538","1.144176","-35.670033","-8.4921834E-05","4.8384154E-05","5.737908E-05","2","997.43463"
"568","102.62538","1.1441768","-35.670033","-8.4906365E-05","4.692384E-05","5.7379173E-05","2","997.43463"
"569","102.62538","1.1441776","-35.670033","-8.489488E-05","4.5582736E-05","5.7379206E-05","2","997.43463"
"570","102.62538","1.1441783","-35.670033","-8.4886626E-05","4.4256532E-05","5.737921E-05","2","997.43463"
"571","102.62538","1.144179","-35.670033","-8.488084E-05","4.296013E-05","5.7379217E-05","2","997.43463"
"572","102.62538","1.1441797","-35.670033","-8.4876905E-05","4.1619027E-05","5.7379202E-05","2","997.43463"
"573","102.62538","1.1441804","-35.670033","-8.487407E-05","4.0188515E-05","5.737918E-05","2","997.43463"
"574","102.62538","1.144181","-35.670033","-8.4872176E-05","3.86984E-05","5.737915E-05","2","997.43463"
"575","102.62538","1.1441816","-35.670033","-8.484086E-05","3.692516E-05","5.7379064E-05","2","997.43463"
"576","102.62538","1.1441822","-35.670033","-8.481809E-05","3.5718167E-05","5.7379246E-05","2","997.43463"
"577","102.62538","1.1441828","-35.670033","-8.480184E-05","3.4764493E-05","5.737932E-05","2","997.43463"
"578","102.62538","1.1441834","-35.670033","-8.479041E-05","3.397473E-05","5.737194E-05","2","997.43463"
"579","102.62538","1.144184","-35.670033","-8.4782114E-05","3.3140266E-05","5.7371926E-05","2","997.43463"
"580","102.62538","1.1441846","-35.670033","-8.477601E-05","3.23058E-05","5.7371926E-05","2","997.43463"
"581","102.62538","1.1441851","-35.670033","-8.477192E-05","3.1367028E-05","5.7371893E-05","2","997.43463"
"582","102.62538","1.1441855","-35.670033","-8.4768886E-05","3.0383553E-05","5.737188E-05","2","997.43463"
"583","102.62538","1.144186","-35.670033","-8.476682E-05","2.9370274E-05","5.7371868E-05","2","997.43463"
"584","102.62538","1.1441865","-35.670033","-8.4765496E-05","2.8312292E-05","5.7371853E-05","2","997.43463"
"585","102.62538","1.144187","-35.670033","-8.4764644E-05","2.7224507E-05","5.737184E-05","2","997.43463"
"586","102.62538","1.1441875","-35.670033","-8.476406E-05","2.610692E-05","5.7371828E-05","2","997.43463"
"587","102.62538","1.1441878","-35.670033","-8.476382E-05","2.4974432E-05","5.7371824E-05","2","997.43463"
"588","102.62538","1.1441882","-35.670033","-8.4911044E-05","2.3245897E-05","5.737164E-05","2","997.43463"
"589","102.62538","1.1441885","-35.670033","-8.501964E-05","2.2202816E-05","5.737185E-05","2","997.43463"
"590","102.62538","1.1441889","-35.670033","-8.509931E-05","2.1502461E-05","5.7371963E-05","2","997.43463"
"591","102.62538","1.1441892","-35.670033","-8.515776E-05","2.098092E-05","5.7372014E-05","2","997.43463"
"592","102.62538","1.1441896","-35.670033","-8.520105E-05","2.0504083E-05","5.737203E-05","2","997.43463"
"593","102.62538","1.14419","-35.670033","-8.5233354E-05","2.0057048E-05","5.7372035E-05","2","997.43463"
"594","102.62538","1.1441903","-35.670033","-8.525688E-05","1.9580211E-05","5.7372028E-05","2","997.43463"
"595","102.62538","1.1441907","-35.670033","-8.527408E-05","1.904377E-05","5.7372006E-05","2","997.43463"
"596","102.62538","1.144191","-35.670033","-8.52871E-05","1.8447723E-05","5.7371984E-05","2","997.43463"
"597","102.62538","1.1441913","-35.670033","-8.529687E-05","1.776227E-05","5.7371963E-05","2","997.43463"
"598","102.62538","1.1441915","-35.670033","-8.5303735E-05","1.7106619E-05","5.7371966E-05","2","997.43463"
"599","102.62538","1.1441917","-35.670033","-8.530946E-05","1.6406264E-05","5.737196E-05","2","997.43463"
"600","102.62538","1.144192","-35.670033","-8.531333E-05","1.570591E-05","5.7371955E-05","2","997.43463"
"601","102.62538","1.1441922","-35.670033","-8.531687E-05","1.5020456E-05","5.737196E-05","2","997.43463"
"602","102.62538","1.1441925","-35.670033","-8.531908E-05","1.43052E-05","5.7371944E-05","2","997.43463"
"603","102.62538","1.1441927","-35.670033","-8.5321335E-05","1.35899445E-05","5.7371944E-05","2","997.43463"
"604","102.62538","1.1441929","-35.670033","-8.5322536E-05","1.2874689E-05","5.7371944E-05","2","997.43463"
"605","102.62538","1.1441932","-35.670033","-8.511582E-05","1.1906113E-05","5.7371864E-05","2","997.43463"
"606","102.62538","1.1441934","-35.670033","-8.4964704E-05","1.1533584E-05","5.7372046E-05","2","997.43463"
"607","102.62538","1.1441936","-35.670033","-8.485356E-05","1.1459078E-05","5.7372145E-05","2","997.43463"
"608","102.62538","1.1441939","-35.670033","-8.477219E-05","1.1488881E-05","5.7372177E-05","2","997.43463"
"609","102.62538","1.1441941","-35.670033","-8.471226E-05","1.1503782E-05","5.7372174E-05","2","997.43463"
"610","102.62538","1.1441944","-35.670033","-8.466853E-05","1.1533584E-05","5.7372177E-05","2","997.43463"
"611","102.62538","1.1441946","-35.670033","-8.463606E-05","1.147398E-05","5.7372148E-05","2","997.43463"
"612","102.62538","1.1441948","-35.670033","-8.46128E-05","1.135477E-05","5.737213E-05","2","997.43463"
"613","102.62538","1.1441951","-35.670033","-8.459523E-05","1.1131253E-05","5.7372097E-05","2","997.43463"
"614","102.62538","1.1441953","-35.670033","-8.458285E-05","1.0848131E-05","5.737208E-05","2","997.43463"
"615","102.62538","1.1441954","-35.670033","-8.457325E-05","1.05352065E-05","5.737207E-05","2","997.43463"
"616","102.62538","1.1441956","-35.670033","-8.456661E-05","1.0177579E-05","5.7372054E-05","2","997.43463"
"617","102.62538","1.1441957","-35.670033","-8.456191E-05","9.80505E-06","5.7372046E-05","2","997.43463"
"618","102.62538","1.1441958","-35.670033","-8.455839E-05","9.4325205E-06","5.7372046E-05","2","997.43463"
"619","102.62538","1.1441959","-35.670033","-8.45557E-05","9.0599915E-06","5.7372046E-05","2","997.43463"
"620","102.62538","1.144196","-35.670033","-8.4554E-05","8.6874625E-06","5.7372046E-05","2","997.43463"
"621","102.62538","1.1441962","-35.670033","-8.4552936E-05","8.300032E-06","5.7364614E-05","2","997.43463"
"622","102.62538","1.1441963","-35.670033","-8.455199E-05","7.897701E-06","5.7364607E-05","2","997.43463"
"623","102.62538","1.1441964","-35.670033","-8.455103E-05","7.4953696E-06","5.7364607E-05","2","997.43463"
"624","102.62538","1.1441965","-35.670033","-8.4550644E-05","7.093038E-06","5.7364607E-05","2","997.43463"
"625","102.62538","1.1441966","-35.670033","-8.4550666E-05","6.690707E-06","5.7364607E-05","2","997.43463"
"626","102.62538","1.1441967","-35.670033","-8.455046E-05","6.333079E-06","5.736462E-05","2","997.43463"
"627","102.62538","1.1441969","-35.670033","-8.4550105E-05","5.9307476E-06","5.7364607E-05","2","997.43463"
"628","102.62538","1.144197","-35.670033","-8.4550076E-05","5.5433175E-06","5.736461E-05","2","997.43463"
"629","102.62538","1.1441971","-35.670033","-8.4550345E-05","5.1707884E-06","5.7364614E-05","2","997.43463"
"630","102.62538","1.1441972","-35.670033","-8.455021E-05","4.753556E-06","5.7364603E-05","2","997.43463"
"631","102.62538","1.1441973","-35.670033","-8.4550025E-05","4.381027E-06","5.7364614E-05","2","997.43463"
"632","102.62538","1.1441975","-35.670033","-8.455026E-05","4.023399E-06","5.7364618E-05","2","997.43463"
"633","102.62538","1.1441976","-35.670033","-8.455065E-05","3.6359686E-06","5.7364607E-05","2","997.43463"
"634","102.62538","1.1441976","-35.670033","-8.455076E-05","3.2634396E-06","5.736461E-05","2","997.43463"
"635","102.62538","1.1441976","-35.670033","-8.4550906E-05","2.9505152E-06","5.7364636E-05","2","997.43463"
"636","102.62538","1.1441976","-35.670033","-8.455106E-05","2.6673931E-06","5.7364643E-05","2","997.43463"
"637","102.62538","1.1441976","-35.670033","-8.455118E-05","2.4140734E-06","5.7364654E-05","2","997.43463"
"638","102.62538","1.1441976","-35.670033","-8.469889E-05","1.8031259E-06","5.7364537E-05","2","997.43463"
"639","102.62538","1.1441976","-35.670033","-8.480744E-05","1.8329283E-06","5.736474E-05","2","997.43463"
"640","102.62538","1.1441976","-35.670033","-8.488731E-05","2.1905562E-06","5.7364843E-05","2","997.43463"
"641","102.62538","1.1441976","-35.670033","-8.494607E-05","2.6971957E-06","5.7364894E-05","2","997.43463"
"642","102.62538","1.1441976","-35.670033","-8.49893E-05","3.2336375E-06","5.7364898E-05","2","997.43463"
"643","102.62538","1.1441977","-35.670033","-8.5021165E-05","3.740277E-06","5.7364894E-05","2","997.43463"
"644","102.62538","1.1441978","-35.670033","-8.504441E-05","4.1575095E-06","5.7364865E-05","2","997.43463"
"645","102.62538","1.144198","-35.670033","-8.506141E-05","4.5151373E-06","5.7364843E-05","2","997.43463"
"646","102.62538","1.1441981","-35.670033","-8.507412E-05","4.7386548E-06","5.73648E-05","2","997.43463"
"647","102.62538","1.1441982","-35.670033","-8.508378E-05","4.872765E-06","5.7364778E-05","2","997.43463"
"648","102.62538","1.1441983","-35.670033","-8.5090665E-05","4.947271E-06","5.736476E-05","2","997.43463"
"649","102.62538","1.1441984","-35.670033","-8.509556E-05","4.947271E-06","5.7364734E-05","2","997.43463"
"650","102.62538","1.1441985","-35.670033","-8.509943E-05","4.8876664E-06","5.7364716E-05","2","997.43463"
"651","102.62538","1.1441987","-35.670033","-8.510239E-05","4.753556E-06","5.7364694E-05","2","997.43463"
"652","102.62538","1.1441988","-35.670033","-8.5104264E-05","4.6045443E-06","5.7364687E-05","2","997.43463"
"653","102.62538","1.1441989","-35.670033","-8.510564E-05","4.4406315E-06","5.7364676E-05","2","997.43463"
"654","102.62538","1.144199","-35.670033","-8.510688E-05","4.217114E-06","5.736466E-05","2","997.43463"
"655","102.62538","1.1441991","-35.670033","-8.51081E-05","3.9935967E-06","5.736466E-05","2","997.43463"
"656","102.62538","1.1441993","-35.670033","-8.510881E-05","3.7849804E-06","5.736467E-05","2","997.43463"
"657","102.62538","1.1441993","-35.670033","-8.5109146E-05","3.5316607E-06","5.7364654E-05","2","997.43463"
"658","102.62538","1.1441993","-35.670033","-8.510948E-05","3.3081433E-06","5.736466E-05","2","997.43463"
"659","102.62538","1.1441993","-35.670033","-8.510976E-05","3.1442305E-06","5.7364676E-05","2","997.43463"
"660","102.62538","1.1441993","-35.670033","-8.510999E-05","2.9803177E-06","5.7364676E-05","2","997.43463"
"661","102.62538","1.1441993","-35.670033","-8.511015E-05","2.8313061E-06","5.7364683E-05","2","997.43463"
"662","102.62538","1.1441993","-35.670033","-8.511032E-05","2.7120968E-06","5.7364694E-05","2","997.43463"
"663","102.62538","1.1441993","-35.670033","-8.511048E-05","2.5928875E-06","5.7364694E-05","2","997.43463"
"664","102.62538","1.1441993","-35.670033","-8.511058E-05","2.5034806E-06","5.7364705E-05","2","997.43463"
"665","102.62538","1.1441993","-35.670033","-8.511068E-05","2.4140736E-06","5.7364705E-05","2","997.43463"
"666","102.62538","1.1441993","-35.670033","-8.511081E-05","2.3246666E-06","5.7364705E-05","2","997.43463"
"667","102.62538","1.1441993","-35.670033","-8.5110885E-05","2.2352597E-06","5.7364705E-05","2","997.43463"
"668","102.62538","1.1441993","-35.670033","-8.511097E-05","2.1458527E-06","5.7364705E-05","2","997.43463"
"669","102.62538","1.1441993","-35.670033","-8.511109E-05","2.0564457E-06","5.7364705E-05","2","997.43463"
"670","102.62538","1.1441993","-35.670033","-8.511116E-05","1.98194E-06","5.736471E-05","2","997.43463"
"671","102.62538","1.1441993","-35.670033","-8.511122E-05","1.8925331E-06","5.7364705E-05","2","997.43463"
"672","102.62538","1.1441993","-35.670033","-8.511128E-05","1.8180273E-06","5.736471E-05","2","997.43463"
"673","102.62538","1.1441993","-35.670033","-8.511136E-05","1.7584226E-06","5.7364712E-05","2","997.43463"
"674","102.62538","1.1441993","-35.670033","-8.5111424E-05","1.6839168E-06","5.736471E-05","2","997.43463"
"675","102.62538","1.1441993","-35.670033","-8.5111475E-05","1.6243122E-06","5.7364712E-05","2","997.43463"
"676","102.62538","1.1441993","-35.670033","-8.511158E-05","1.5647075E-06","5.7364712E-05","2","997.43463"
"677","102.62538","1.1441993","-35.670033","-8.5111664E-05","1.5051029E-06","5.7364712E-05","2","997.43463"
"678","102.62538","1.1441993","-35.670033","-8.511175E-05","1.4603994E-06","5.736472E-05","2","997.43463"
"679","102.62538","1.1441993","-35.670033","-8.5111846E-05","1.4007948E-06","5.7364712E-05","2","997.43463"
"680","102.62538","1.1441993","-35.670033","-8.511193E-05","1.3411901E-06","5.7364712E-05","2","997.43463"
"681","102.62538","1.1441993","-35.670033","-8.511202E-05","1.2815855E-06","5.7364712E-05","2","997.43463"
"682","102.62538","1.1441993","-35.670033","-8.5112064E-05","1.2219808E-06","5.7364712E-05","2","997.43463"
"683","102.62538","1.1441993","-35.670033","-8.511214E-05","1.1623762E-06","5.7364712E-05","2","997.43463"
"684","102.62538","1.1441993","-35.670033","-8.511218E-05","1.1027715E-06","5.7364712E-05","2","997.43463"
"685","102.62538","1.1441993","-35.670033","-8.5112166E-05","1.0431669E-06","5.7364712E-05","2","997.43463"
"686","102.62538","1.1441993","-35.670033","-8.511211E-05","9.984634E-07","5.736472E-05","2","997.43463"
"687","102.62538","1.1441993","-35.670033","-8.511209E-05","9.537599E-07","5.736472E-05","2","997.43463"
"688","102.62538","1.1441993","-35.670033","-8.511215E-05","9.090564E-07","5.736472E-05","2","997.43463"
"689","102.62538","1.1441993","-35.670033","-8.5112195E-05","8.7925406E-07","5.7364723E-05","2","997.43463"
"690","102.62538","1.1441993","-35.670033","-8.511224E-05","8.196494E-07","5.7364712E-05","2","997.43463"
"691","102.62538","1.1441993","-35.670033","-8.511225E-05","7.898471E-07","5.7364723E-05","2","997.43463"
"692","102.62538","1.1441993","-35.670033","-8.511227E-05","7.6004477E-07","5.7364723E-05","2","997.43463"
"693","102.62538","1.1441993","-35.670033","-8.511227E-05","7.3024245E-07","5.7364723E-05","2","997.43463"
"694","102.62538","1.1441993","-35.670033","-8.511231E-05","6.706378E-07","5.736471E-05","2","997.43463"
"695","102.62538","1.1441993","-35.670033","-8.5112384E-05","6.259343E-07","5.7364716E-05","2","997.43463"
"696","102.62538","1.1441993","-35.670033","-8.511244E-05","5.96132E-07","5.736472E-05","2","997.43463"
"697","102.62538","1.1441993","-35.670033","-8.5112486E-05","5.663297E-07","5.736472E-05","2","997.43463"
"698","102.62538","1.1441993","-35.670033","-8.511253E-05","5.3652735E-07","5.736472E-05","2","997.43463"
"699","102.62538","1.1441993","-35.670033","-8.511256E-05","5.0672503E-07","5.736472E-05","2","997.43463"
"700","102.62538","1.1441993","-35.670033","-8.511257E-05","4.6202157E-07","5.7364716E-05","2","997.43463"
"701","102.62538","1.1441993","-35.670033","-8.511266E-05","4.3221925E-07","5.736472E-05","2","997.43463"
"702","102.62538","1.1441993","-35.670033","-8.511273E-05","3.8751577E-07","5.7364716E-05","2","997.43463"
"703","102.62538","1.1441993","-35.670033","-8.5112806E-05","3.5771345E-07","5.736472E-05","2","997.43463"
"704","102.62538","1.1441993","-35.670033","-8.511282E-05","3.2791112E-07","5.736472E-05","2","997.43463"
"705","102.62538","1.1441993","-35.670033","-8.5112835E-05","2.981088E-07","5.736472E-05","2","997.43463"
"706","102.62538","1.1441993","-35.670033","-8.511289E-05","2.6830648E-07","5.736472E-05","2","997.43463"
"707","102.62538","1.1441993","-35.670033","-8.511291E-05","2.3850416E-07","5.736472E-05","2","997.43463"
"708","102.62538","1.1441993","-35.670033","-8.511292E-05","2.0870182E-07","5.736472E-05","2","997.43463"
"709","102.62538","1.1441993","-35.670033","-8.511295E-05","1.788995E-07","5.736472E-05","2","997.43463"
"710","102.62538","1.1441993","-35.670033","-8.5112995E-05","1.4909718E-07","5.736472E-05","2","997.43463"
"711","102.62538","1.1441993","-35.670033","-8.511306E-05","1.3419601E-07","5.7364723E-05","2","997.43463"
"712","102.62538","1.1441993","-35.670033","-8.511308E-05","1.0439369E-07","5.736472E-05","2","997.43463"
"713","102.62538","1.1441993","-35.670033","-8.511312E-05","8.949253E-08","5.7364723E-05","2","997.43463"
"714","102.62538","1.1441993","-35.670033","-8.511311E-05","5.969021E-08","5.736472E-05","2","997.43463"
"715","102.62538","1.1441993","-35.670033","-8.511309E-05","4.478905E-08","5.7364723E-05","2","997.43463"
"716","102.62538","1.1441993","-35.670033","-8.5113126E-05","1.4986728E-08","5.736472E-05","2","997.43463"
"717","102.62538","1.1441993","-35.670033","-8.511312E-05","8.556711E-11","5.7364723E-05","2","997.43463"
"718","102.62538","1.1441993","-35.670033","-8.511314E-05","-2.9716755E-08","5.736472E-05","2","997.43463"
"719","102.62538","1.1441993","-35.670033","-8.511318E-05","-4.4617916E-08","5.7364723E-05","2","997.43463"
"720","102.62538","1.1441993","-35.670033","-8.511317E-05","-7.442024E-08","5.736472E-05","2","997.43463"
"721","102.62538","1.1441993","-35.670033","-8.5113206E-05","-8.9321404E-08","5.7364723E-05","2","997.43463"
"722","102.62538","1.1441993","-35.670033","-8.511321E-05","-1.19123726E-07","5.736472E-05","2","997.43463"
"723","102.62538","1.1441993","-35.670033","-8.511322E-05","-1.3402489E-07","5.7364723E-05","2","997.43463"
"724","102.62538","1.1441993","-35.670033","-8.511325E-05","-1.4892605E-07","5.7364723E-05","2","997.43463"
"725","102.62538","1.1441993","-35.670033","-8.511321E-05","-1.7872837E-07","5.736472E-05","2","997.43463"
"726","102.62538","1.1441993","-35.670033","-8.511322E-05","-1.9362953E-07","5.7364723E-05","2","997.43463"
"727","102.62538","1.1441993","-35.670033","-8.5113265E-05","-1.9362953E-07","5.7364727E-05","2","997.43463"
"728","102.62538","1.1441993","-35.670033","-8.511331E-05","-2.085307E-07","5.7364723E-05","2","997.43463"
"729","102.62538","1.1441993","-35.670033","-8.511337E-05","-2.2343185E-07","5.7364723E-05","2","997.43463"
"730","102.62538","1.1441993","-35.670033","-8.5113395E-05","-2.2343185E-07","5.7364727E-05","2","997.43463"
"731","102.62538","1.1441993","-35.670033","-8.511344E-05","-2.3833302E-07","5.7364723E-05","2","997.43463"
"732","102.62538","1.1441993","-35.670033","-8.5113454E-05","-2.5323416E-07","5.7364723E-05","2","997.43463"
"733","102.62538","1.1441993","-35.670033","-8.511349E-05","-2.8303648E-07","5.736472E-05","2","997.43463"
"734","102.62538","1.1441993","-35.670033","-8.511351E-05","-2.9793765E-07","5.7364723E-05","2","997.43463"
"735","102.62538","1.1441993","-35.670033","-8.511354E-05","-3.128388E-07","5.7364723E-05","2","997.43463"
"736","102.62538","1.1441993","-35.670033","-8.511354E-05","-3.128388E-07","5.7364727E-05","2","997.43463"
"737","102.62538","1.1441993","-35.670033","-8.511354E-05","-3.128388E-07","5.7364727E-05","2","997.43463"
"738","102.62538","1.1441993","-35.670033","-8.511357E-05","-3.2773997E-07","5.7364723E-05","2","997.43463"
"739","102.62538","1.1441993","-35.670033","-8.51136E-05","-3.4264113E-07","5.7364723E-05","2","997.43463"
"740","102.62538","1.1441993","-35.670033","-8.511359E-05","-3.7244345E-07","5.736472E-05","2","997.43463"
"741","102.62538","1.1441993","-35.670033","-8.511354E-05","-3.873446E-07","5.7364723E-05","2","997.43463"
"742","102.62538","1.1441993","-35.670033","-8.511353E-05","-4.0224577E-07","5.7364723E-05","2","997.43463"
"743","102.62538","1.1441993","-35.670033","-8.511351E-05","-4.0224577E-07","5.7364727E-05","2","997.43463"
"744","102.62538","1.1441993","-35.670033","-8.5113505E-05","-4.320481E-07","5.736472E-05","2","997.43463"
"745","102.62538","1.1441993","-35.670033","-8.511351E-05","-4.320481E-07","5.7364727E-05","2","997.43463"
"746","102.62538","1.1441993","-35.670033","-8.511357E-05","-4.4694926E-07","5.7364723E-05","2","997.43463"
"747","102.62538","1.1441993","-35.670033","-8.5113585E-05","-4.4694926E-07","5.7364727E-05","2","997.43463"
"748","102.62538","1.1441993","-35.670033","-8.5113614E-05","-4.4694926E-07","5.7364727E-05","2","997.43463"
"749","102.62538","1.1441993","-35.670033","-8.5113614E-05","-4.6185042E-07","5.7364723E-05","2","997.43463"
"750","102.62538","1.1441993","-35.670033","-8.5113614E-05","-4.7675158E-07","5.7364723E-05","2","997.43463"
"751","102.62538","1.1441993","-35.670033","-8.51136E-05","-4.9165277E-07","5.7364723E-05","2","997.43463"
"752","102.62538","1.1441993","-35.670033","-8.511363E-05","-4.9165277E-07","5.7364727E-05","2","997.43463"
"753","102.62538","1.1441993","-35.670033","-8.511366E-05","-4.9165277E-07","5.7364727E-05","2","997.43463"
"754","102.62538","1.1441993","-35.670033","-8.5113716E-05","-4.9165277E-07","5.7364727E-05","2","997.43463"
"755","102.62538","1.1441993","-35.670033","-8.5113745E-05","-5.0655393E-07","5.7364723E-05","2","997.43463"
"756","102.62538","1.1441993","-35.670033","-8.51138E-05","-5.214551E-07","5.7364723E-05","2","997.43463"
"757","102.62538","1.1441993","-35.670033","-8.51138E-05","-5.3635625E-07","5.7364723E-05","2","997.43463"
"758","102.62538","1.1441993","-35.670033","-8.511379E-05","-5.3635625E-07","5.7364727E-05","2","997.43463"
"759","102.62538","1.1441993","-35.670033","-8.5113774E-05","-5.512574E-07","5.7364723E-05","2","997.43463"
"760","102.62538","1.1441993","-35.670033","-8.511376E-05","-5.661586E-07","5.7364723E-05","2","997.43463"
"761","102.62538","1.1441993","-35.670033","-8.5113774E-05","-5.661586E-07","5.7364727E-05","2","997.43463"
"762","102.62538","1.1441993","-35.670033","-8.5113774E-05","-5.8105974E-07","5.7364723E-05","2","997.43463"
"763","102.62538","1.1441993","-35.670033","-8.511376E-05","-5.959609E-07","5.7364723E-05","2","997.43463"
"764","102.62538","1.1441993","-35.670033","-8.511379E-05","-5.959609E-07","5.7364727E-05","2","997.43463"
"765","102.62538","1.1441993","-35.670033","-8.511382E-05","-5.959609E-07","5.7364727E-05","2","997.43463"
"766","102.62538","1.1441993","-35.670033","-8.511382E-05","-5.959609E-07","5.7364727E-05","2","997.43463"
"767","102.62538","1.1441993","-35.670033","-8.511385E-05","-5.959609E-07","5.7364727E-05","2","997.43463"
"768","102.62538","1.1441993","-35.670033","-8.511385E-05","-5.959609E-07","5.7364727E-05","2","997.43463"
"769","102.62538","1.1441993","-35.670033","-8.511386E-05","-6.1086206E-07","5.7364723E-05","2","997.43463"
"770","102.62538","1.1441993","-35.670033","-8.511385E-05","-6.257632E-07","5.7364723E-05","2","997.43463"
"771","102.62538","1.1441993","-35.670033","-8.511383E-05","-6.257632E-07","5.7364727E-05","2","997.43463"
"772","102.62538","1.1441993","-35.670033","-8.51138E-05","-6.257632E-07","5.7364727E-05","2","997.43463"
"773","102.62538","1.1441993","-35.670033","-8.511382E-05","-6.257632E-07","5.7364727E-05","2","997.43463"
"774","102.62538","1.1441993","-35.670033","-8.511382E-05","-6.406644E-07","5.7364723E-05","2","997.43463"
"775","102.62538","1.1441993","-35.670033","-8.511386E-05","-6.406644E-07","5.7364727E-05","2","997.43463"
"776","102.62538","1.1441993","-35.670033","-8.5113905E-05","-6.406644E-07","5.7364727E-05","2","997.43463"
"777","102.62538","1.1441993","-35.670033","-8.511396E-05","-6.5556554E-07","5.7364723E-05","2","997.43463"
"778","102.62538","1.1441993","-35.670033","-8.5114E-05","-6.704667E-07","5.7364723E-05","2","997.43463"
"779","102.62538","1.1441993","-35.670033","-8.511403E-05","-6.8536787E-07","5.7364723E-05","2","997.43463"
"780","102.62538","1.1441993","-35.670033","-8.5113985E-05","-6.8536787E-07","5.7364727E-05","2","997.43463"
"781","102.62538","1.1441993","-35.670033","-8.511395E-05","-6.8536787E-07","5.7364727E-05","2","997.43463"
"782","102.62538","1.1441993","-35.670033","-8.5113934E-05","-6.8536787E-07","5.7364727E-05","2","997.43463"
"783","102.62538","1.1441993","-35.670033","-8.511392E-05","-6.8536787E-07","5.7364727E-05","2","997.43463"
"784","102.62538","1.1441993","-35.670033","-8.511392E-05","-6.8536787E-07","5.7364727E-05","2","997.43463"
"785","102.62538","1.1441993","-35.670033","-8.5113905E-05","-6.8536787E-07","5.7364727E-05","2","997.43463"
"786","102.62538","1.1441993","-35.670033","-8.5113876E-05","-6.8536787E-07","5.7364727E-05","2","997.43463"
"787","102.62538","1.1441993","-35.670033","-8.5113876E-05","-6.8536787E-07","5.7364727E-05","2","997.43463"
"788","102.62538","1.1441993","-35.670033","-8.511389E-05","-7.00269E-07","5.7364723E-05","2","997.43463"
"789","102.62538","1.1441993","-35.670033","-8.5113934E-05","-7.00269E-07","5.7364727E-05","2","997.43463"
"790","102.62538","1.1441993","-35.670033","-8.511395E-05","-7.00269E-07","5.7364727E-05","2","997.43463"
"791","102.62538","1.1441993","-35.670033","-8.511396E-05","-7.151702E-07","5.7364723E-05","2","997.43463"
"792","102.62538","1.1441993","-35.670033","-8.511398E-05","-7.151702E-07","5.7364727E-05","2","997.43463"
"793","102.62538","1.1441993","-35.670033","-8.5114E-05","-7.151702E-07","5.7364727E-05","2","997.43463"
"794","102.62538","1.1441993","-35.670033","-8.511403E-05","-7.151702E-07","5.7364727E-05","2","997.43463"
"795","102.62538","1.1441993","-35.670033","-8.511406E-05","-7.00269E-07","5.7364734E-05","2","997.43463"
"796","102.62538","1.1441993","-35.670033","-8.511406E-05","-7.00269E-07","5.7364727E-05","2","997.43463"
"797","102.62538","1.1441993","-35.670033","-8.511404E-05","-7.151702E-07","5.7364723E-05","2","997.43463"
"798","102.62538","1.1441993","-35.670033","-8.511398E-05","-7.3007135E-07","5.7364723E-05","2","997.43463"
"799","102.62538","1.1441993","-35.670033","-8.511398E-05","-7.449725E-07","5.7364723E-05","2","997.43463"
"800","102.62538","1.1441993","-35.670033","-8.511396E-05","-7.449725E-07","5.7364727E-05","2","997.43463"
"801","102.62538","1.1441993","-35.670033","-8.511395E-05","-7.449725E-07","5.7364727E-05","2","997.43463"
"802","102.62538","1.1441993","-35.670033","-8.511396E-05","-7.449725E-07","5.7364727E-05","2","997.43463"
"803","102.62538","1.1441993","-35.670033","-8.511396E-05","-7.449725E-07","5.7364727E-05","2","997.43463"
"804","102.62538","1.1441993","-35.670033","-8.511398E-05","-7.449725E-07","5.7364727E-05","2","997.43463"
"805","102.62538","1.1441993","-35.670033","-8.511396E-05","-7.5987367E-07","5.7364723E-05","2","997.43463"
"806","102.62538","1.1441993","-35.670033","-8.511396E-05","-7.7477483E-07","5.7364723E-05","2","997.43463"
"807","102.62538","1.1441993","-35.670033","-8.511397E-05","-7.7477483E-07","5.7364727E-05","2","997.43463"
"808","102.62538","1.1441993","-35.670033","-8.5113985E-05","-7.7477483E-07","5.7364727E-05","2","997.43463"
"809","102.62538","1.1441993","-35.670033","-8.5114E-05","-7.7477483E-07","5.7364727E-05","2","997.43463"
"810","102.62538","1.1441993","-35.670033","-8.5114014E-05","-7.7477483E-07","5.7364727E-05","2","997.43463"
"811","102.62538","1.1441993","-35.670033","-8.5114E-05","-7.7477483E-07","5.7364727E-05","2","997.43463"
"812","102.62538","1.1441993","-35.670033","-8.5114E-05","-7.7477483E-07","5.7364727E-05","2","997.43463"
"813","102.62538","1.1441993","-35.670033","-8.511397E-05","-7.7477483E-07","5.7364727E-05","2","997.43463"
"814","102.62538","1.1441993","-35.670033","-8.5113905E-05","-7.7477483E-07","5.7364727E-05","2","997.43463"
"815","102.62538","1.1441993","-35.670033","-8.5113905E-05","-7.7477483E-07","5.7364727E-05","2","997.43463"
"816","102.62538","1.1441993","-35.670033","-8.5113905E-05","-7.7477483E-07","5.7364727E-05","2","997.43463"
"817","102.62538","1.1441993","-35.670033","-8.511389E-05","-7.7477483E-07","5.7364727E-05","2","997.43463"
"818","102.62538","1.1441993","-35.670033","-8.5113905E-05","-7.7477483E-07","5.7364727E-05","2","997.43463"
"819","102.62538","1.1441993","-35.670033","-8.511392E-05","-7.7477483E-07","5.7364727E-05","2","997.43463"
"820","102.62538","1.1441993","-35.670033","-8.511392E-05","-7.7477483E-07","5.7364727E-05","2","997.43463"
"821","102.62538","1.1441993","-35.670033","-8.511392E-05","-7.7477483E-07","5.7364727E-05","2","997.43463"
"822","102.62538","1.1441993","-35.670033","-8.511392E-05","-7.7477483E-07","5.7364727E-05","2","997.43463"
"823","102.62538","1.1441993","-35.670033","-8.511392E-05","-7.7477483E-07","5.7364727E-05","2","997.43463"
"824","102.62538","1.1441993","-35.670033","-8.511392E-05","-7.7477483E-07","5.7364727E-05","2","997.43463"
"825","102.62538","1.1441993","-35.670033","-8.511392E-05","-7.7477483E-07","5.7364727E-05","2","997.43463"
"826","102.62538","1.1441993","-35.670033","-8.511392E-05","-7.7477483E-07","5.7364727E-05","2","997.43463"
"827","102.62538","1.1441993","-35.670033","-8.5113934E-05","-7.7477483E-07","5.7364727E-05","2","997.43463"
"828","102.62538","1.1441993","-35.670033","-8.511396E-05","-7.7477483E-07","5.7364727E-05","2","997.43463"
"829","102.62538","1.1441993","-35.670033","-8.5114E-05","-7.7477483E-07","5.7364727E-05","2","997.43463"
"830","102.62538","1.1441993","-35.670033","-8.511403E-05","-7.7477483E-07","5.7364727E-05","2","997.43463"
"831","102.62538","1.1441993","-35.670033","-8.511406E-05","-7.7477483E-07","5.7364727E-05","2","997.43463"
"832","102.62538","1.1441993","-35.670033","-8.511404E-05","-7.7477483E-07","5.7364727E-05","2","997.43463"
"833","102.62538","1.1441993","-35.670033","-8.511404E-05","-7.7477483E-07","5.7364727E-05","2","997.43463"
"834","102.62538","1.1441993","-35.670033","-8.5114014E-05","-7.7477483E-07","5.7364727E-05","2","997.43463"
"835","102.62538","1.1441993","-35.670033","-8.511397E-05","-7.7477483E-07","5.7364727E-05","2","997.43463"
"836","102.62538","1.1441993","-35.670033","-8.511392E-05","-7.7477483E-07","5.7364727E-05","2","997.43463"
"837","102.62538","1.1441993","-35.670033","-8.511386E-05","-7.7477483E-07","5.7364727E-05","2","997.43463"
"838","102.62538","1.1441993","-35.670033","-8.511383E-05","-7.7477483E-07","5.7364727E-05","2","997.43463"
"839","102.62538","1.1441993","-35.670033","-8.51138E-05","-7.89676E-07","5.7364723E-05","2","997.43463"
"840","102.62538","1.1441993","-35.670033","-8.51138E-05","-7.89676E-07","5.7364727E-05","2","997.43463"
"841","102.62538","1.1441993","-35.670033","-8.511379E-05","-7.89676E-07","5.7364727E-05","2","997.43463"
"842","102.62538","1.1441993","-35.670033","-8.5113745E-05","-7.89676E-07","5.7364727E-05","2","997.43463"
"843","102.62538","1.1441993","-35.670033","-8.511373E-05","-7.89676E-07","5.7364727E-05","2","997.43463"
"844","102.62538","1.1441993","-35.670033","-8.511376E-05","-7.89676E-07","5.7364727E-05","2","997.43463"
"845","102.62538","1.1441993","-35.670033","-8.51138E-05","-7.89676E-07","5.7364727E-05","2","997.43463"
"846","102.62538","1.1441993","-35.670033","-8.511386E-05","-7.89676E-07","5.7364727E-05","2","997.43463"
"847","102.62538","1.1441993","-35.670033","-8.511392E-05","-7.89676E-07","5.7364727E-05","2","997.43463"
"848","102.62538","1.1441993","-35.670033","-8.5113934E-05","-7.89676E-07","5.7364727E-05","2","997.43463"
"849","102.62538","1.1441993","-35.670033","-8.511389E-05","-7.89676E-07","5.7364727E-05","2","997.43463"
"850","102.62538","1.1441993","-35.670033","-8.511385E-05","-7.89676E-07","5.7364727E-05","2","997.43463"
"851","102.62538","1.1441993","-35.670033","-8.511382E-05","-7.89676E-07","5.7364727E-05","2","997.43463"
"852","102.62538","1.1441993","-35.670033","-8.51138E-05","-7.89676E-07","5.7364727E-05","2","997.43463"
"853","102.62538","1.1441993","-35.670033","-8.511386E-05","-7.89676E-07","5.7364727E-05","2","997.43463"
"854","102.62538","1.1441993","-35.670033","-8.5113876E-05","-7.89676E-07","5.7364727E-05","2","997.43463"
"855","102.62538","1.1441993","-35.670033","-8.5113876E-05","-7.89676E-07","5.7364727E-05","2","997.43463"
"856","102.62538","1.1441993","-35.670033","-8.5113876E-05","-7.89676E-07","5.7364727E-05","2","997.43463"
"857","102.62538","1.1441993","-35.670033","-8.5113876E-05","-7.89676E-07","5.7364727E-05","2","997.43463"
"858","102.62538","1.1441993","-35.670033","-8.5113876E-05","-7.89676E-07","5.7364727E-05","2","997.43463"
"859","102.62538","1.1441993","-35.670033","-8.511389E-05","-7.89676E-07","5.7364727E-05","2","997.43463"
"860","102.62538","1.1441993","-35.670033","-8.511392E-05","-7.89676E-07","5.7364727E-05","2","997.43463"
"861","102.62538","1.1441993","-35.670033","-8.5113934E-05","-7.89676E-07","5.7364727E-05","2","997.43463"
"862","102.62538","1.1441993","-35.670033","-8.5113934E-05","-7.89676E-07","5.7364727E-05","2","997.43463"
"863","102.62538","1.1441993","-35.670033","-8.5113934E-05","-7.89676E-07","5.7364727E-05","2","997.43463"
"864","102.62538","1.1441993","-35.670033","-8.5113934E-05","-7.89676E-07","5.7364727E-05","2","997.43463"
"865","102.62538","1.1441993","-35.670033","-8.511395E-05","-7.89676E-07","5.7364727E-05","2","997.43463"
"866","102.62538","1.1441993","-35.670033","-8.5113985E-05","-7.89676E-07","5.7364727E-05","2","997.43463"
"867","102.62538","1.1441993","-35.670033","-8.511403E-05","-7.89676E-07","5.7364727E-05","2","997.43463"
"868","102.62538","1.1441993","-35.670033","-8.511403E-05","-7.89676E-07","5.7364727E-05","2","997.43463"
"869","102.62538","1.1441993","-35.670033","-8.511406E-05","-7.89676E-07","5.7364727E-05","2","997.43463"
"870","102.62538","1.1441993","-35.670033","-8.511406E-05","-8.0457716E-07","5.7364723E-05","2","997.43463"
"871","102.62538","1.1441993","-35.670033","-8.511409E-05","-8.0457716E-07","5.7364727E-05","2","997.43463"
"872","102.62538","1.1441993","-35.670033","-8.5114145E-05","-8.0457716E-07","5.7364727E-05","2","997.43463"
"873","102.62538","1.1441993","-35.670033","-8.511422E-05","-8.0457716E-07","5.7364727E-05","2","997.43463"
"874","102.62538","1.1441993","-35.670033","-8.511425E-05","-8.0457716E-07","5.7364727E-05","2","997.43463"
"875","102.62538","1.1441993","-35.670033","-8.511423E-05","-8.0457716E-07","5.7364727E-05","2","997.43463"
"876","102.62538","1.1441993","-35.670033","-8.51142E-05","-8.0457716E-07","5.7364727E-05","2","997.43463"
"877","102.62538","1.1441993","-35.670033","-8.5114145E-05","-8.0457716E-07","5.7364727E-05","2","997.43463"
"878","102.62538","1.1441993","-35.670033","-8.51141E-05","-8.0457716E-07","5.7364727E-05","2","997.43463"
"879","102.62538","1.1441993","-35.670033","-8.51141E-05","-8.0457716E-07","5.7364727E-05","2","997.43463"
"880","102.62538","1.1441993","-35.670033","-8.51141E-05","-8.0457716E-07","5.7364727E-05","2","997.43463"
"881","102.62538","1.1441993","-35.670033","-8.5114116E-05","-8.0457716E-07","5.7364727E-05","2","997.43463"
"882","102.62538","1.1441993","-35.670033","-8.5114116E-05","-8.0457716E-07","5.7364727E-05","2","997.43463"
"883","102.62538","1.1441993","-35.670033","-8.5114116E-05","-8.0457716E-07","5.7364727E-05","2","997.43463"
"884","102.62538","1.1441993","-35.670033","-8.511409E-05","-8.0457716E-07","5.7364727E-05","2","997.43463"
"885","102.62538","1.1441993","-35.670033","-8.511406E-05","-8.0457716E-07","5.7364727E-05","2","997.43463"
"886","102.62538","1.1441993","-35.670033","-8.511403E-05","-8.0457716E-07","5.7364727E-05","2","997.43463"
"887","102.62538","1.1441993","-35.670033","-8.5114E-05","-8.0457716E-07","5.7364727E-05","2","997.43463"
"888","102.62538","1.1441993","-35.670033","-8.511397E-05","-8.0457716E-07","5.7364727E-05","2","997.43463"
"889","102.62538","1.1441993","-35.670033","-8.511395E-05","-8.0457716E-07","5.7364727E-05","2","997.43463"
"890","102.62538","1.1441993","-35.670033","-8.511395E-05","-8.0457716E-07","5.7364727E-05","2","997.43463"
"891","102.62538","1.1441993","-35.670033","-8.5113934E-05","-8.0457716E-07","5.7364727E-05","2","997.43463"
"892","102.62538","1.1441993","-35.670033","-8.5113934E-05","-8.0457716E-07","5.7364727E-05","2","997.43463"
"893","102.62538","1.1441993","-35.670033","-8.5113934E-05","-8.0457716E-07","5.7364727E-05","2","997.43463"
"894","102.62538","1.1441993","-35.670033","-8.511392E-05","-8.0457716E-07","5.7364727E-05","2","997.43463"
"895","102.62538","1.1441993","-35.670033","-8.511392E-05","-8.0457716E-07","5.7364727E-05","2","997.43463"
"896","102.62538","1.1441993","-35.670033","-8.511392E-05","-8.0457716E-07","5.7364727E-05","2","997.43463"
"897","102.62538","1.1441993","-35.670033","-8.5113905E-05","-8.0457716E-07","5.7364727E-05","2","997.43463"
"898","102.62538","1.1441993","-35.670033","-8.5113905E-05","-8.0457716E-07","5.7364727E-05","2","997.43463"
"899","102.62538","1.1441993","-35.670033","-8.5113905E-05","-8.0457716E-07","5.7364727E-05","2","997.43463"
"900","102.62538","1.1441993","-35.670033","-8.5113905E-05","-8.0457716E-07","5.7364727E-05","2","997.43463"
"901","102.62538","1.1441993","-35.670033","-8.5113905E-05","-8.0457716E-07","5.7364727E-05","2","997.43463"
"902","102.62538","1.1441993","-35.670033","-8.5113905E-05","-8.0457716E-07","5.7364727E-05","2","997.43463"
"903","102.62538","1.1441993","-35.670033","-8.5113905E-05","-8.0457716E-07","5.7364727E-05","2","997.43463"
"904","102.62538","1.1441993","-35.670033","-8.5113905E-05","-8.0457716E-07","5.7364727E-05","2","997.43463"
"905","102.62538","1.1441993","-35.670033","-8.5113905E-05","-8.0457716E-07","5.7364727E-05","2","997.43463"
"906","102.62538","1.1441993","-35.670033","-8.5113905E-05","-8.0457716E-07","5.7364727E-05","2","997.43463"
"907","102.62538","1.1441993","-35.670033","-8.5113905E-05","-8.0457716E-07","5.7364727E-05","2","997.43463"
"908","102.62538","1.1441993","-35.670033","-8.5113905E-05","-8.0457716E-07","5.7364727E-05","2","997.43463"
"909","102.62538","1.1441993","-35.670033","-8.5113905E-05","-8.0457716E-07","5.7364727E-05","2","997.43463"
"910","102.62538","1.1441993","-35.670033","-8.5113905E-05","-8.0457716E-07","5.7364727E-05","2","997.43463"
"911","102.62538","1.1441993","-35.670033","-8.5113905E-05","-8.0457716E-07","5.7364727E-05","2","997.43463"
"912","102.62538","1.1441993","-35.670033","-8.5113905E-05","-8.0457716E-07","5.7364727E-05","2","997.43463"
"913","102.62538","1.1441993","-35.670033","-8.5113905E-05","-8.0457716E-07","5.7364727E-05","2","997.43463"
"914","102.62538","1.1441993","-35.670033","-8.5113905E-05","-8.0457716E-07","5.7364727E-05","2","997.43463"
"915","102.62538","1.1441993","-35.670033","-8.5113905E-05","-8.0457716E-07","5.7364727E-05","2","997.43463"
"916","102.62538","1.1441993","-35.670033","-8.5113905E-05","-8.0457716E-07","5.7364727E-05","2","997.43463"
"917","102.62538","1.1441993","-35.670033","-8.5113905E-05","-8.0457716E-07","5.7364727E-05","2","997.43463"
"918","102.62538","1.1441993","-35.670033","-8.5113905E-05","-8.0457716E-07","5.7364727E-05","2","997.43463"
"919","102.62538","1.1441993","-35.670033","-8.5113905E-05","-8.0457716E-07","5.7364727E-05","2","997.43463"
"920","102.62538","1.1441993","-35.670033","-8.5113905E-05","-8.0457716E-07","5.7364727E-05","2","997.43463"
"921","102.62538","1.1441993","-35.670033","-8.5113905E-05","-8.0457716E-07","5.7364727E-05","2","997.43463"
"922","102.62538","1.1441993","-35.670033","-8.5113905E-05","-8.0457716E-07","5.7364727E-05","2","997.43463"
"923","102.62538","1.1441993","-35.670033","-8.5113905E-05","-8.0457716E-07","5.7364727E-05","2","997.43463"
"924","102.62538","1.1441993","-35.670033","-8.5113905E-05","-8.0457716E-07","5.7364727E-05","2","997.43463"
"925","102.62538","1.1441993","-35.670033","-8.5113905E-05","-8.0457716E-07","5.7364727E-05","2","997.43463"
"926","102.62538","1.1441993","-35.670033","-8.5113905E-05","-8.0457716E-07","5.7364727E-05","2","997.43463"
"927","102.62538","1.1441993","-35.670033","-8.5113905E-05","-8.0457716E-07","5.7364727E-05","2","997.43463"
"928","102.62538","1.1441993","-35.670033","-8.5113905E-05","-8.0457716E-07","5.7364727E-05","2","997.43463"
"929","102.62538","1.1441993","-35.670033","-8.5113905E-05","-8.0457716E-07","5.7364727E-05","2","997.43463"
"930","102.62538","1.1441993","-35.670033","-8.5113905E-05","-8.0457716E-07","5.7364727E-05","2","997.43463"
"931","102.62538","1.1441993","-35.670033","-8.5113905E-05","-8.0457716E-07","5.7364727E-05","2","997.43463"
"932","102.62538","1.1441993","-35.670033","-8.5113905E-05","-8.0457716E-07","5.7364727E-05","2","997.43463"
"933","102.62538","1.1441993","-35.670033","-8.5113905E-05","-8.0457716E-07","5.7364727E-05","2","997.43463"
"934","102.62538","1.1441993","-35.670033","-8.5113905E-05","-8.0457716E-07","5.7364727E-05","2","997.43463"
"935","102.62538","1.1441993","-35.670033","-8.5113905E-05","-8.0457716E-07","5.7364727E-05","2","997.43463"
"936","102.62538","1.1441993","-35.670033","-8.5113905E-05","-8.0457716E-07","5.7364727E-05","2","997.43463"
"937","102.62538","1.1441993","-35.670033","-8.5113905E-05","-8.0457716E-07","5.7364727E-05","2","997.43463"
"938","102.62538","1.1441993","-35.670033","-8.5113905E-05","-8.0457716E-07","5.7364727E-05","2","997.43463"
"939","102.62538","1.1441993","-35.670033","-8.5113905E-05","-8.0457716E-07","5.7364727E-05","2","997.43463"
"940","102.62538","1.1441993","-35.670033","-8.5113905E-05","-8.0457716E-07","5.7364727E-05","2","997.43463"
"941","102.62538","1.1441993","-35.670033","-8.5113905E-05","-8.0457716E-07","5.7364727E-05","2","997.43463"
"942","102.62538","1.1441993","-35.670033","-8.5113905E-05","-8.0457716E-07","5.7364727E-05","2","997.43463"
"943","102.62538","1.1441993","-35.670033","-8.5113905E-05","-8.0457716E-07","5.7364727E-05","2","997.43463"
"944","102.62538","1.1441993","-35.670033","-8.5113905E-05","-8.0457716E-07","5.7364727E-05","2","997.43463"
"945","102.62538","1.1441993","-35.670033","-8.5113905E-05","-8.0457716E-07","5.7364727E-05","2","997.43463"
"946","102.62538","1.1441993","-35.670033","-8.5113905E-05","-8.0457716E-07","5.7364727E-05","2","997.43463"
"947","102.62538","1.1441993","-35.670033","-8.5113905E-05","-8.0457716E-07","5.7364727E-05","2","997.43463"
"948","102.62538","1.1441993","-35.670033","-8.5113905E-05","-8.0457716E-07","5.7364727E-05","2","997.43463"
"949","102.62538","1.1441993","-35.670033","-8.5113905E-05","-8.0457716E-07","5.7364727E-05","2","997.43463"
"950","102.62538","1.1441993","-35.670033","-8.5113905E-05","-8.0457716E-07","5.7364727E-05","2","997.43463"
"951","102.62538","1.1441993","-35.670033","-8.5113905E-05","-8.0457716E-07","5.7364727E-05","2","997.43463"
"952","102.62538","1.1441993","-35.670033","-8.5113905E-05","-8.0457716E-07","5.7364727E-05","2","997.43463"
"953","102.62538","1.1441993","-35.670033","-8.5113905E-05","-8.0457716E-07","5.7364727E-05","2","997.43463"
"954","102.62538","1.1441993","-35.670033","-8.5113905E-05","-8.0457716E-07","5.7364727E-05","2","997.43463"
"955","102.62538","1.1441993","-35.670033","-8.5113905E-05","-8.0457716E-07","5.7364727E-05","2","997.43463"
"956","102.62538","1.1441993","-35.670033","-8.5113905E-05","-8.0457716E-07","5.7364727E-05","2","997.43463"
"957","102.62538","1.1441993","-35.670033","-8.5113905E-05","-8.0457716E-07","5.7364727E-05","2","997.43463"
"958","102.62538","1.1441993","-35.670033","-8.5113905E-05","-8.0457716E-07","5.7364727E-05","2","997.43463"
"959","102.62538","1.1441993","-35.670033","-8.5113905E-05","-8.0457716E-07","5.7364727E-05","2","997.43463"
"960","102.62538","1.1441993","-35.670033","-8.5113905E-05","-8.0457716E-07","5.7364727E-05","2","997.43463"
