"Run","Player","Startup","SteadyP95","SteadyP99","SteadyMax","CorrectionRate","Snaps","Holds","Rtt","Buffer","Timeline","FrameMax","Ack","Pending"
"baseline-after-ready","2","0.16327106952667236","0","0","0","0","0","0","60.077083333333334","31.88415978831366","50.014044164817115","37.319","1214","10"
"baseline-before-ready","2","0.01952338218688965","0","0","0","0","0","0","60.0375","32.73154144826869","50.52441322083742","36.249","1255","7"
"baseline-stall-entry","2","1.785560965538025","0.003735142992809415","0.012073802761733532","0.04223579168319702","0.2857142857142781","0","0","60.578125","41.59141117589018","60.37176534382885","767.869","1249","11"
"baseline-stall-standalone","2","1.95685875415802","0","0.008678455837070942","0.015760520473122597","0.14285714285713905","0","0","61.5875","45.842632864690266","64.13453380184964","896.818","950","11"
"candidate-stall-entry","2","0.8440535068511963","0.0013437735615298152","0.015468647703528404","0.11569113284349442","0.21428571428570858","0","0","60.74166666666667","48.48720152582004","67.58264017161372","767.905","1254","7"
"corrected-after-ready","2","0.1632300615310669","0","0","0","0","0","0","60.040625","32.82850517794579","50.57493746928485","37.846","1219","10"
"corrected-before-ready","2","0.02752208709716797","0","0","0","0","0","0","60.12708333333333","33.782299599394825","52.123778975280594","35.409","1254","7"
"corrected-stall-entry-2","2","0.9073919057846069","0.0022093579173088074","0.012702714651823044","0.023565193638205528","0.21428571428570858","0","0","61.08958333333333","43.407925500097164","62.16125904289384","767.311","1250","11"
"corrected-stall-entry-3","2","0.9073919057846069","0","0.004815488588064909","0.1052616760134697","0.07142857142856952","0","0","60.088541666666664","42.92228288722734","60.56761486815712","767.934","1255","8"
"corrected-stall-standalone","2","0.853438675403595","0.004006437491625547","0.010422095656394958","0.020901989191770554","0.2857142857142781","0","0","61.16041666666667","44.26798934381661","62.5390528851528","916.645","951","10"
"eight-1","2","0.16048602759838104","0","0","0.022834064438939095","0.07142857142856952","0","0","80.47291666666666","53.9724182376269","75.27814313361314","47.668","949","12"
"eight-1","8","0.21419775485992432","0","0","0.07653134316205978","0.14285714285713905","0","0","86.29270833333334","52.67095535311897","74.64926545959146","36.754","949","12"
"eight-1","3","0.22131460905075073","0.0037623567041009665","0.02773985080420971","0.09824036061763763","0.5714285714285562","0","0","84.4375","55.00641829134292","77.07657360222167","47.316","949","12"
"eight-1","4","0.27600058913230896","0","0.027939561754465103","0.1289096474647522","0.42857142857141717","0","0","87.090625","53.07221783640276","76.10931637814481","51.746","948","13"
"eight-1","6","0.20468708872795105","0","0.00019324557797517627","0.002678436227142811","0","0","0","87.70416666666667","54.07609496182124","77.80938819254659","33.981","948","13"
"eight-1","5","0.22131460905075073","0.0036460121627897024","0.014709193259477615","0.11517911404371262","0.3571428571428476","0","2","88.31458333333333","53.223500070753644","75.64053465551339","52.168","950","11"
"eight-1","7","0.20354633033275604","0.0036326188128441572","0.023953638970851898","0.21881964802742004","0.2857142857142781","0","3","87.13645833333334","56.68329834128806","80.18613636250754","172.077","950","11"
"eight-2","2","0.13336795568466187","0","0","0.21664150059223175","0.14285714285713905","0","1","80.51458333333333","52.55173882615309","75.39889382800187","53.757","949","12"
"eight-2","4","0.17461645603179932","0.00014119534171186388","0.0354272797703743","0.10530151426792145","0.4999999999999867","0","1","86.50833333333334","56.19609258321934","79.9281650833652","80.808","949","12"
"eight-2","3","0.22145771980285645","0.004014171659946442","0.020123222842812538","0.1021062433719635","0.7857142857142648","0","0","85.67291666666667","51.343124143504035","73.20720018475426","73.6","949","12"
"eight-2","6","0.20627924799919128","0.0002121194265782833","0.12498361617326736","0.3232201039791107","0.6428571428571257","0","0","87.246875","54.154607929627936","76.9282558440042","56.226","944","17"
"eight-2","5","0.19448356330394745","0.006923815701156855","0.01729285903275013","0.11603899300098419","0.7142857142856952","0","0","86.91145833333333","52.621568519310266","74.89699799988844","42.542","949","12"
"eight-2","7","0.1607414335012436","0","0.05176979675889015","0.6118754744529724","0.3571428571428476","0","0","87.84583333333333","51.55534087205387","74.86786806079634","37.08","949","12"
"eight-2","8","0.2488989681005478","0","0.06338406354188919","1.354087471961975","0.3571428571428476","0","2","86.90208333333334","54.54502536844441","78.26626828725684","38.124","949","12"
"entry-wan100","2","0.0067937374114990234","0","0","0","0","0","0","120.55104166666666","49.2857473751723","69.50346883571224","47.613","1252","16"
"final-after-ready","2","0.16327106952667236","0","0","0","0","0","0","61.19895833333333","40.62852885541213","59.08783937729073","34.789","1215","10"
"final-before-ready","2","0.006901741027832031","0","0","0.06817766278982162","0.07142857142856952","0","0","61.15208333333333","42.63259935165815","61.86245768397418","36.683","1253","10"
"loss2","2","0.21171855926513672","0","0","0","0","0","0","0","45.11016924641374","63.391287890931636","35.961","956","5"
"near-zero","2","0.14760176837444305","0","0","0","0","0","0","0","39.60930595036911","57.04909615812351","34.731","954","7"
"rendered-wan60","2","0.16488611698150635","0","0","0","0","0","0","61.22708333333333","40.574153121829916","59.11452166299804","161.714","952","9"
"wan100-jitter","2","0.09191528707742691","0","0","0","0","0","0","107.01145833333334","44.55118734404697","63.02540525994711","34.583","947","14"
"wan50","2","0.24111957848072052","0","0","0","0","0","0","50.14895833333333","41.753859466214685","59.267953111910266","36.156","955","6"
